"Category ID","Category","Group ID","Group","Subgroup ID","Subgroup","Occupation ID","Occupation","Year","Quarter ID","Quarter","Workforce","Monthly Wage","Monthly Wage Growth","Monthly Wage Growth Value","percentage","lastPeriod"
1,"Funcionarios, Directores y Jefes",11,"Funcionarios y Altas Autoridades de los Sectores Público, Privado y Social",111,"Funcionarios, Legisladores y Autoridades Gubernamentales",1113,"Presidentes y Autoridades Municipales",2025,20251,"2025-Q1",1577,8409.161699429296,1,8409.161699429296,0.0011451243625389665,0
1,"Funcionarios, Directores y Jefes",11,"Funcionarios y Altas Autoridades de los Sectores Público, Privado y Social",112,"Presidentes y Directores Generales",1121,"Presidentes y Directores Generales en Instituciones Públicas",2025,20251,"2025-Q1",304,21710.526315789473,1,21710.526315789473,0.00022074686506775258,0
1,"Funcionarios, Directores y Jefes",11,"Funcionarios y Altas Autoridades de los Sectores Público, Privado y Social",112,"Presidentes y Directores Generales",1122,"Presidentes y Directores Generales en Instituciones y Empresas Privadas",2025,20251,"2025-Q1",1708,4892.857142857143,1,4892.857142857143,0.0012402488339990836,0
1,"Funcionarios, Directores y Jefes",11,"Funcionarios y Altas Autoridades de los Sectores Público, Privado y Social",112,"Presidentes y Directores Generales",1129,"Otros Presidentes y Directores Generales, no Clasificados Anteriormente",2025,20251,"2025-Q1",440,25000,1,25000,0.00031950204154543137,0
1,"Funcionarios, Directores y Jefes",11,"Funcionarios y Altas Autoridades de los Sectores Público, Privado y Social",113,"Directores de Organizaciones Políticas, Sindicales y Civiles",1135,"Directores de Organizaciones Civiles y Religiosas",2025,20251,"2025-Q1",276,0,1,0,0.00020041491696940695,0
1,"Funcionarios, Directores y Jefes",12,"Directores y Gerentes en Servicios Financieros, Administrativos y Sociales",121,"Directores y Gerentes en Servicios Financieros y Administrativos",1211,"Directores y Gerentes en Administración, Recursos Humanos y Mercadotecnia",2025,20251,"2025-Q1",3361,31546.35525141327,1,31546.35525141327,0.0024405599128049884,0
1,"Funcionarios, Directores y Jefes",12,"Directores y Gerentes en Servicios Financieros, Administrativos y Sociales",121,"Directores y Gerentes en Servicios Financieros y Administrativos",1212,"Directores y Gerentes en Servicios Contables, Financieros, Banca y Seguros",2025,20251,"2025-Q1",1232,6980.519480519481,1,6980.519480519481,0.0008946057163272079,0
1,"Funcionarios, Directores y Jefes",12,"Directores y Gerentes en Servicios Financieros, Administrativos y Sociales",122,"Directores y Gerentes en Servicios de Salud, Enseñanza y Sociales",1221,"Directores y Gerentes en Servicios de Salud, Protección Civil y Medio Ambiente",2025,20251,"2025-Q1",844,0,-1,-2216.494845360825,0.0006128630069644184,2216.494845360825
1,"Funcionarios, Directores y Jefes",12,"Directores y Gerentes en Servicios Financieros, Administrativos y Sociales",122,"Directores y Gerentes en Servicios de Salud, Enseñanza y Sociales",1223,"Directores y Gerentes en Centros de Enseñanza y Capacitación",2025,20251,"2025-Q1",1835,18185.395095367847,1,18185.395095367847,0.0013324687414451512,0
1,"Funcionarios, Directores y Jefes",12,"Directores y Gerentes en Servicios Financieros, Administrativos y Sociales",122,"Directores y Gerentes en Servicios de Salud, Enseñanza y Sociales",1226,"Directores en Servicios de Vigilancia y Seguridad",2025,20251,"2025-Q1",237,19341.772151898735,1,19341.772151898735,0.00017209541783242554,0
1,"Funcionarios, Directores y Jefes",13,"Directores y Gerentes en Producción, Tecnología y Transporte",131,"Directores y Gerentes en Producción Agropecuaria, Industrial, Construcción y Mantenimiento",1311,"Directores y Gerentes en Producción Agropecuaria, Silvícola y Pesquera",2025,20251,"2025-Q1",1866,0,1,0,0.0013549791125540339,0
1,"Funcionarios, Directores y Jefes",13,"Directores y Gerentes en Producción, Tecnología y Transporte",131,"Directores y Gerentes en Producción Agropecuaria, Industrial, Construcción y Mantenimiento",1312,"Directores y Gerentes en Producción Minera, Petrolera y Gas",2025,20251,"2025-Q1",117,30000,1,30000,0.00008495849741094426,0
1,"Funcionarios, Directores y Jefes",13,"Directores y Gerentes en Producción, Tecnología y Transporte",131,"Directores y Gerentes en Producción Agropecuaria, Industrial, Construcción y Mantenimiento",1314,"Directores y Gerentes en Producción Manufacturera",2025,20251,"2025-Q1",1548,20095.258397932816,1,20095.258397932816,0.0011240662734371086,0
1,"Funcionarios, Directores y Jefes",13,"Directores y Gerentes en Producción, Tecnología y Transporte",131,"Directores y Gerentes en Producción Agropecuaria, Industrial, Construcción y Mantenimiento",1315,"Directores y Gerentes en Construcción, Reparación y Mantenimiento",2025,20251,"2025-Q1",2715,3953.5451197053408,1,3953.5451197053408,0.001971472824536014,0
1,"Funcionarios, Directores y Jefes",13,"Directores y Gerentes en Producción, Tecnología y Transporte",132,"Directores y Gerentes en Informática, Telecomunicaciones, Transporte y en Investigación y Desarrollo Tecnológico",1321,"Directores y Gerentes en Informática",2025,20251,"2025-Q1",145,0,1,0,0.00010529044550928989,0
1,"Funcionarios, Directores y Jefes",13,"Directores y Gerentes en Producción, Tecnología y Transporte",132,"Directores y Gerentes en Informática, Telecomunicaciones, Transporte y en Investigación y Desarrollo Tecnológico",1323,"Directores y Gerentes en Servicios de Transporte",2025,20251,"2025-Q1",1284,18629.28348909657,1,18629.28348909657,0.0009323650485098498,0
1,"Funcionarios, Directores y Jefes",14,"Directores y Gerentes de Ventas, Restaurantes, Hoteles y otros Establecimientos",141,"Directores y Gerentes de Ventas, Restaurantes y Hoteles",1411,"Directores y Gerentes de Ventas, Comercialización y Alquiler",2025,20251,"2025-Q1",7170,8073.0557880055785,-0.4132953642437806,-5686.9442119944215,0.0052064309951835065,13760
1,"Funcionarios, Directores y Jefes",14,"Directores y Gerentes de Ventas, Restaurantes, Hoteles y otros Establecimientos",141,"Directores y Gerentes de Ventas, Restaurantes y Hoteles",1412,"Directores y Gerentes de Restaurantes y Hoteles",2025,20251,"2025-Q1",2469,3885.573106520859,-0.4582314860901306,-3286.4441051830995,0.0017928421376719773,7172.017211703958
1,"Funcionarios, Directores y Jefes",14,"Directores y Gerentes de Ventas, Restaurantes, Hoteles y otros Establecimientos",142,"Directores y Gerentes de Museos, Cines y otros Establecimientos",1421,"Directores y Productores Artísticos de Cine, Teatro y Afines",2025,20251,"2025-Q1",661,3086.232980332829,1,3086.232980332829,0.00047997920332165943,0
1,"Funcionarios, Directores y Jefes",14,"Directores y Gerentes de Ventas, Restaurantes, Hoteles y otros Establecimientos",142,"Directores y Gerentes de Museos, Cines y otros Establecimientos",1422,"Directores y Gerentes de Museos, Cines y otros Establecimientos Deportivos y Culturales",2025,20251,"2025-Q1",768,0,1,0,0.0005576762906974802,0
1,"Funcionarios, Directores y Jefes",14,"Directores y Gerentes de Ventas, Restaurantes, Hoteles y otros Establecimientos",142,"Directores y Gerentes de Museos, Cines y otros Establecimientos",1423,"Directores y Gerentes en Servicios Funerarios y otros Servicios",2025,20251,"2025-Q1",33,0,-1,-6133.338997451147,0.000023962653115907353,6133.338997451147
1,"Funcionarios, Directores y Jefes",15,"Coordinadores y Jefes de Área en Servicios Financieros, Administrativos y Sociales",151,"Coordinadores y Jefes de Área en Servicios Financieros y Administrativos",1511,"Coordinadores y Jefes de Área en Administración, Recursos Humanos y Mercadotecnia",2025,20251,"2025-Q1",4755,15611.612407991588,1,15611.612407991588,0.0034528004717011957,0
1,"Funcionarios, Directores y Jefes",15,"Coordinadores y Jefes de Área en Servicios Financieros, Administrativos y Sociales",151,"Coordinadores y Jefes de Área en Servicios Financieros y Administrativos",1512,"Coordinadores y Jefes de Área en Servicios Contables, Financieros, Banca y Seguros",2025,20251,"2025-Q1",688,5350.290697674419,1,5350.290697674419,0.0004995850104164927,0
1,"Funcionarios, Directores y Jefes",15,"Coordinadores y Jefes de Área en Servicios Financieros, Administrativos y Sociales",152,"Coordinadores y Jefes de Área en Servicios de Salud, Enseñanza, Sociales y Jueces Calificadores",1521,"Coordinadores y Jefes de Área en Servicios de Salud, Protección Civil y Medio Ambiente",2025,20251,"2025-Q1",153,0,1,0,0.00011109957353738863,0
1,"Funcionarios, Directores y Jefes",15,"Coordinadores y Jefes de Área en Servicios Financieros, Administrativos y Sociales",152,"Coordinadores y Jefes de Área en Servicios de Salud, Enseñanza, Sociales y Jueces Calificadores",1522,"Coordinadores y Jefes de Área en Desarrollo Social y Económico",2025,20251,"2025-Q1",682,12023.460410557185,1,12023.460410557185,0.0004952281643954186,0
1,"Funcionarios, Directores y Jefes",15,"Coordinadores y Jefes de Área en Servicios Financieros, Administrativos y Sociales",152,"Coordinadores y Jefes de Área en Servicios de Salud, Enseñanza, Sociales y Jueces Calificadores",1523,"Coordinadores y Jefes de Área en Centros de Enseñanza y Capacitación",2025,20251,"2025-Q1",1015,19714.285714285714,1,19714.285714285714,0.0007370331185650292,0
1,"Funcionarios, Directores y Jefes",15,"Coordinadores y Jefes de Área en Servicios Financieros, Administrativos y Sociales",152,"Coordinadores y Jefes de Área en Servicios de Salud, Enseñanza, Sociales y Jueces Calificadores",1524,"Coordinadores y Jefes de Área en Servicios Legales, Jueces Calificadores y Fiscales",2025,20251,"2025-Q1",1132,14574.204946996466,1,14574.204946996466,0.0008219916159759735,0
1,"Funcionarios, Directores y Jefes",15,"Coordinadores y Jefes de Área en Servicios Financieros, Administrativos y Sociales",152,"Coordinadores y Jefes de Área en Servicios de Salud, Enseñanza, Sociales y Jueces Calificadores",1526,"Coordinadores y Jefes de Área en Servicios de Vigilancia y Seguridad",2025,20251,"2025-Q1",930,16337.741935483871,1,16337.741935483871,0.0006753111332664799,0
1,"Funcionarios, Directores y Jefes",16,"Coordinadores y Jefes de Área en Producción y Tecnología",161,"Coordinadores y Jefes de Área en Producción Agropecuaria, Industrial, Construcción y Mantenimiento",1611,"Coordinadores y Jefes de Área en Producción Agropecuaria, Silvícola y Pesquera",2025,20251,"2025-Q1",148,40000,1,40000,0.00010746886851982692,0
1,"Funcionarios, Directores y Jefes",16,"Coordinadores y Jefes de Área en Producción y Tecnología",161,"Coordinadores y Jefes de Área en Producción Agropecuaria, Industrial, Construcción y Mantenimiento",1614,"Coordinadores y Jefes de Área en Producción Manufacturera",2025,20251,"2025-Q1",3136,14236.776147959185,1,14236.776147959185,0.002277178187014711,0
1,"Funcionarios, Directores y Jefes",16,"Coordinadores y Jefes de Área en Producción y Tecnología",161,"Coordinadores y Jefes de Área en Producción Agropecuaria, Industrial, Construcción y Mantenimiento",1615,"Coordinadores y Jefes de Área en Construcción, Reparación y Mantenimiento",2025,20251,"2025-Q1",2449,13186.52511229073,1,13186.52511229073,0.0017783193176017305,0
1,"Funcionarios, Directores y Jefes",16,"Coordinadores y Jefes de Área en Producción y Tecnología",162,"Coordinadores y Jefes de Área en Informática, Telecomunicaciones, Transporte y en Investigación y Desarrollo Tecnológico",1621,"Coordinadores y Jefes de Área en Informática",2025,20251,"2025-Q1",256,8027.34375,1,8027.34375,0.00018589209689916008,0
1,"Funcionarios, Directores y Jefes",16,"Coordinadores y Jefes de Área en Producción y Tecnología",162,"Coordinadores y Jefes de Área en Informática, Telecomunicaciones, Transporte y en Investigación y Desarrollo Tecnológico",1622,"Coordinadores y Jefes de Área en Comunicación y Telecomunicaciones",2025,20251,"2025-Q1",320,0,1,0,0.0002323651211239501,0
1,"Funcionarios, Directores y Jefes",16,"Coordinadores y Jefes de Área en Producción y Tecnología",162,"Coordinadores y Jefes de Área en Informática, Telecomunicaciones, Transporte y en Investigación y Desarrollo Tecnológico",1623,"Coordinadores y Jefes de Área en Servicios de Transporte",2025,20251,"2025-Q1",1816,1314.647577092511,1,1314.647577092511,0.0013186720623784168,0
1,"Funcionarios, Directores y Jefes",16,"Coordinadores y Jefes de Área en Producción y Tecnología",162,"Coordinadores y Jefes de Área en Informática, Telecomunicaciones, Transporte y en Investigación y Desarrollo Tecnológico",1624,"Coordinadores y Jefes de Área en Centros de Investigación y Desarrollo Tecnológico",2025,20251,"2025-Q1",105,25000,1,25000,0.00007624480536879612,0
1,"Funcionarios, Directores y Jefes",16,"Coordinadores y Jefes de Área en Producción y Tecnología",162,"Coordinadores y Jefes de Área en Informática, Telecomunicaciones, Transporte y en Investigación y Desarrollo Tecnológico",1629,"Otros Coordinadores y Jefes de Área en Informática, Telecomunicaciones, Transporte y en Investigación y Desarrollo Tecnológico, no Clasificados Anteriormente",2025,20251,"2025-Q1",155,17458.064516129034,1,17458.064516129034,0.00011255185554441332,0
1,"Funcionarios, Directores y Jefes",17,"Coordinadores y Jefes de Área de Ventas, Restaurantes, Hoteles y otros Establecimientos",171,"Coordinadores y Jefes de Área de Ventas, Restaurantes y Hoteles",1711,"Coordinadores y Jefes de Área de Ventas, Comercialización y Alquiler",2025,20251,"2025-Q1",1226,7223.980424143556,1,7223.980424143556,0.0008902488703061338,0
1,"Funcionarios, Directores y Jefes",17,"Coordinadores y Jefes de Área de Ventas, Restaurantes, Hoteles y otros Establecimientos",172,"Coordinadores y Jefes de Área en Museos, Cines y otros Establecimientos",1721,"Coordinadores y Jefes de Área en Actividades Artísticas, de Cine, Teatro y Afines",2025,20251,"2025-Q1",127,0,1,0,0.00009221990744606769,0
1,"Funcionarios, Directores y Jefes",17,"Coordinadores y Jefes de Área de Ventas, Restaurantes, Hoteles y otros Establecimientos",172,"Coordinadores y Jefes de Área en Museos, Cines y otros Establecimientos",1722,"Coordinadores y Jefes de Área en Museos, Cines, Deportivos y Servicios Culturales",2025,20251,"2025-Q1",554,9810.108303249097,1,9810.108303249097,0.0004022821159458386,0
1,"Funcionarios, Directores y Jefes",17,"Coordinadores y Jefes de Área de Ventas, Restaurantes, Hoteles y otros Establecimientos",172,"Coordinadores y Jefes de Área en Museos, Cines y otros Establecimientos",1723,"Coordinadores y Jefes de Área en Servicios Funerarios y otros Servicios",2025,20251,"2025-Q1",834,0,1,0,0.0006056015969292949,0
1,"Funcionarios, Directores y Jefes",19,"Otros Directores, Funcionarios, Gerentes, Coordinadores y Jefes de Área, no Clasificados",199,"Otros Directores, Funcionarios, Gerentes, Coordinadores y Jefes de Área, no Clasificados Anteriormente",1999,"Otros Directores, Funcionarios, Gerentes, Coordinadores y Jefes de Área, no Clasificados Anteriormente",2025,20251,"2025-Q1",259,13746.718146718147,1,13746.718146718147,0.00018807051990969712,0
2,"Profesionistas y Técnicos",21,"Especialistas en Ciencias Económico-Administrativas, Ciencias Sociales, Humanistas y en Artes",211,"Administradores y Mercadólogos",2111,"Administradores y Especialistas en Recursos Humanos y Sistemas de Gestión",2025,20251,"2025-Q1",3351,9706.833780960907,0.604178735525046,3655.8660390254236,0.0024332985027698648,6050.967741935484
2,"Profesionistas y Técnicos",21,"Especialistas en Ciencias Económico-Administrativas, Ciencias Sociales, Humanistas y en Artes",211,"Administradores y Mercadólogos",2112,"Especialistas y Consultores en Mercadotecnia, Publicidad, Comunicación y Comercio Exterior",2025,20251,"2025-Q1",3577,13820.519988817445,1,13820.519988817445,0.0025974063695636544,0
2,"Profesionistas y Técnicos",21,"Especialistas en Ciencias Económico-Administrativas, Ciencias Sociales, Humanistas y en Artes",211,"Administradores y Mercadólogos",2113,"Especialistas en Hotelería y Turismo",2025,20251,"2025-Q1",218,0,1,0,0.000158298738765691,0
2,"Profesionistas y Técnicos",21,"Especialistas en Ciencias Económico-Administrativas, Ciencias Sociales, Humanistas y en Artes",212,"Contadores, Auditores, Especialistas en Finanzas y en Economía",2121,"Contadores y Auditores",2025,20251,"2025-Q1",13086,10332.206174537674,0.604347666298841,3892.077023246161,0.009502281171962534,6440.129151291513
2,"Profesionistas y Técnicos",21,"Especialistas en Ciencias Económico-Administrativas, Ciencias Sociales, Humanistas y en Artes",212,"Contadores, Auditores, Especialistas en Finanzas y en Economía",2122,"Asesores y Analistas en Finanzas",2025,20251,"2025-Q1",730,10328.493150684932,0.16147783269106247,1435.9487904068374,0.0005300829325640111,8892.544360278094
2,"Profesionistas y Técnicos",21,"Especialistas en Ciencias Económico-Administrativas, Ciencias Sociales, Humanistas y en Artes",213,"Investigadores y Especialistas en Ciencias Sociales",2132,"Investigadores y Especialistas en Sociología y Desarrollo Social",2025,20251,"2025-Q1",101,19000,-0.05,-1000,0.00007334024135474675,20000
2,"Profesionistas y Técnicos",21,"Especialistas en Ciencias Económico-Administrativas, Ciencias Sociales, Humanistas y en Artes",213,"Investigadores y Especialistas en Ciencias Sociales",2135,"Abogados",2025,20251,"2025-Q1",9080,6736.387665198238,1,6736.387665198238,0.006593360311892084,0
2,"Profesionistas y Técnicos",21,"Especialistas en Ciencias Económico-Administrativas, Ciencias Sociales, Humanistas y en Artes",214,"Investigadores y Especialistas en Ciencias Humanistas",2142,"Psicólogos",2025,20251,"2025-Q1",2024,7204.051383399209,1,7204.051383399209,0.0014697093911089844,0
2,"Profesionistas y Técnicos",21,"Especialistas en Ciencias Económico-Administrativas, Ciencias Sociales, Humanistas y en Artes",214,"Investigadores y Especialistas en Ciencias Humanistas",2143,"Especialistas en Trabajo Social",2025,20251,"2025-Q1",3756,6248.136315228967,1,6248.136315228967,0.0027273856091923642,0
2,"Profesionistas y Técnicos",21,"Especialistas en Ciencias Económico-Administrativas, Ciencias Sociales, Humanistas y en Artes",214,"Investigadores y Especialistas en Ciencias Humanistas",2144,"Especialistas en Archivonomía, Biblioteconomía y Museografía",2025,20251,"2025-Q1",177,17200,1,17200,0.0001285269576216849,0
2,"Profesionistas y Técnicos",21,"Especialistas en Ciencias Económico-Administrativas, Ciencias Sociales, Humanistas y en Artes",214,"Investigadores y Especialistas en Ciencias Humanistas",2145,"Sacerdotes, Pastores y otros Teólogos",2025,20251,"2025-Q1",519,3164.932562620424,1,3164.932562620424,0.00037686718082290653,0
2,"Profesionistas y Técnicos",21,"Especialistas en Ciencias Económico-Administrativas, Ciencias Sociales, Humanistas y en Artes",215,"Autores, Periodistas y Traductores",2152,"Periodistas y Redactores",2025,20251,"2025-Q1",990,6565.656565656565,1,6565.656565656565,0.0007188795934772206,0
2,"Profesionistas y Técnicos",21,"Especialistas en Ciencias Económico-Administrativas, Ciencias Sociales, Humanistas y en Artes",215,"Autores, Periodistas y Traductores",2153,"Traductores e Intérpretes",2025,20251,"2025-Q1",121,25000,1,25000,0.00008786306142499363,0
2,"Profesionistas y Técnicos",21,"Especialistas en Ciencias Económico-Administrativas, Ciencias Sociales, Humanistas y en Artes",216,"Pintores, Diseñadores y Dibujantes Artísticos, Escultores y Escenógrafos",2161,"Pintores",2025,20251,"2025-Q1",313,10000,1,10000,0.00022728213409936368,0
2,"Profesionistas y Técnicos",21,"Especialistas en Ciencias Económico-Administrativas, Ciencias Sociales, Humanistas y en Artes",216,"Pintores, Diseñadores y Dibujantes Artísticos, Escultores y Escenógrafos",2162,"Dibujantes y Diseñadores Artísticos, Ilustradores y Grabadores",2025,20251,"2025-Q1",1179,2417.3027989821885,1,2417.3027989821885,0.0008561202431410537,0
2,"Profesionistas y Técnicos",21,"Especialistas en Ciencias Económico-Administrativas, Ciencias Sociales, Humanistas y en Artes",217,"Artistas Interpretativos",2172,"Músicos",2025,20251,"2025-Q1",2197,3999.3718707328176,1,3999.3718707328176,0.0015953317847166198,0
2,"Profesionistas y Técnicos",21,"Especialistas en Ciencias Económico-Administrativas, Ciencias Sociales, Humanistas y en Artes",217,"Artistas Interpretativos",2173,"Cantantes",2025,20251,"2025-Q1",493,4884.381338742393,1,4884.381338742393,0.00035798751473158563,0
2,"Profesionistas y Técnicos",22,"Investigadores y Especialistas en Ciencias Exactas, Biológicas, Ingeniería, Informática y en Telecomunicaciones",221,"Investigadores y Especialistas en Física, Matemáticas, Estadística y Actuaría",2211,"Investigadores y Especialistas en Física",2025,20251,"2025-Q1",205,30000,1,30000,0.00014885890572003053,0
2,"Profesionistas y Técnicos",22,"Investigadores y Especialistas en Ciencias Exactas, Biológicas, Ingeniería, Informática y en Telecomunicaciones",221,"Investigadores y Especialistas en Física, Matemáticas, Estadística y Actuaría",2212,"Investigadores y Especialistas en Matemáticas, Estadística y Actuaría",2025,20251,"2025-Q1",502,15000,1,15000,0.0003645227837631967,0
2,"Profesionistas y Técnicos",22,"Investigadores y Especialistas en Ciencias Exactas, Biológicas, Ingeniería, Informática y en Telecomunicaciones",222,"Investigadores y Especialistas en Ciencias Biológicas, Químicas y del Medio Ambiente",2221,"Biólogos y Especialistas en Ciencias del Mar y Oceanógrafos",2025,20251,"2025-Q1",459,0,1,0,0.0003332987206121659,0
2,"Profesionistas y Técnicos",22,"Investigadores y Especialistas en Ciencias Exactas, Biológicas, Ingeniería, Informática y en Telecomunicaciones",222,"Investigadores y Especialistas en Ciencias Biológicas, Químicas y del Medio Ambiente",2222,"Químicos",2025,20251,"2025-Q1",1694,5848.87839433294,1,5848.87839433294,0.0012300828599499107,0
2,"Profesionistas y Técnicos",22,"Investigadores y Especialistas en Ciencias Exactas, Biológicas, Ingeniería, Informática y en Telecomunicaciones",222,"Investigadores y Especialistas en Ciencias Biológicas, Químicas y del Medio Ambiente",2223,"Ecólogos y Especialistas en Ciencias Atmosféricas",2025,20251,"2025-Q1",502,20000,1,20000,0.0003645227837631967,0
2,"Profesionistas y Técnicos",22,"Investigadores y Especialistas en Ciencias Exactas, Biológicas, Ingeniería, Informática y en Telecomunicaciones",223,"Especialistas en Ciencias Agronómicas",2231,"Agrónomos",2025,20251,"2025-Q1",1171,9169.94022203245,1,9169.94022203245,0.0008503111151129548,0
2,"Profesionistas y Técnicos",22,"Investigadores y Especialistas en Ciencias Exactas, Biológicas, Ingeniería, Informática y en Telecomunicaciones",223,"Especialistas en Ciencias Agronómicas",2232,"Veterinarios y Zootecnistas",2025,20251,"2025-Q1",963,7675.7009345794395,1,7675.7009345794395,0.0006992737863823873,0
2,"Profesionistas y Técnicos",22,"Investigadores y Especialistas en Ciencias Exactas, Biológicas, Ingeniería, Informática y en Telecomunicaciones",224,"Ingenieros Eléctricos y en Electrónica",2241,"Ingenieros Eléctricos",2025,20251,"2025-Q1",149,0,1,0,0.00010819500952333926,0
2,"Profesionistas y Técnicos",22,"Investigadores y Especialistas en Ciencias Exactas, Biológicas, Ingeniería, Informática y en Telecomunicaciones",224,"Ingenieros Eléctricos y en Electrónica",2242,"Ingenieros Electrónicos",2025,20251,"2025-Q1",2574,16609.59595959596,1,16609.59595959596,0.0018690869430407736,0
2,"Profesionistas y Técnicos",22,"Investigadores y Especialistas en Ciencias Exactas, Biológicas, Ingeniería, Informática y en Telecomunicaciones",225,"Ingenieros Químicos, Mecánicos, Industriales, Mineros y Metalúrgicos",2251,"Ingenieros Químicos",2025,20251,"2025-Q1",466,13518.24034334764,1,13518.24034334764,0.0003383817076367523,0
2,"Profesionistas y Técnicos",22,"Investigadores y Especialistas en Ciencias Exactas, Biológicas, Ingeniería, Informática y en Telecomunicaciones",225,"Ingenieros Químicos, Mecánicos, Industriales, Mineros y Metalúrgicos",2252,"Ingenieros Mecánicos",2025,20251,"2025-Q1",406,2105.5172413793102,1,2105.5172413793102,0.0002948132474260117,0
2,"Profesionistas y Técnicos",22,"Investigadores y Especialistas en Ciencias Exactas, Biológicas, Ingeniería, Informática y en Telecomunicaciones",225,"Ingenieros Químicos, Mecánicos, Industriales, Mineros y Metalúrgicos",2253,"Ingenieros Industriales",2025,20251,"2025-Q1",2876,10781.363004172461,1,10781.363004172461,0.0020883815261015016,0
2,"Profesionistas y Técnicos",22,"Investigadores y Especialistas en Ciencias Exactas, Biológicas, Ingeniería, Informática y en Telecomunicaciones",225,"Ingenieros Químicos, Mecánicos, Industriales, Mineros y Metalúrgicos",2254,"Ingenieros en Minas, Metalurgia y Petróleo",2025,20251,"2025-Q1",459,6710.239651416122,1,6710.239651416122,0.0003332987206121659,0
2,"Profesionistas y Técnicos",22,"Investigadores y Especialistas en Ciencias Exactas, Biológicas, Ingeniería, Informática y en Telecomunicaciones",226,"Ingenieros Civiles, Topógrafos y Arquitectos",2261,"Ingenieros Civiles y de la Construcción",2025,20251,"2025-Q1",3782,26152.30037017451,1,26152.30037017451,0.002746265275283685,0
2,"Profesionistas y Técnicos",22,"Investigadores y Especialistas en Ciencias Exactas, Biológicas, Ingeniería, Informática y en Telecomunicaciones",226,"Ingenieros Civiles, Topógrafos y Arquitectos",2262,"Ingenieros en Topografía, Hidrología, Geología y Geodesia",2025,20251,"2025-Q1",964,4153.526970954357,1,4153.526970954357,0.0006999999273858996,0
2,"Profesionistas y Técnicos",22,"Investigadores y Especialistas en Ciencias Exactas, Biológicas, Ingeniería, Informática y en Telecomunicaciones",226,"Ingenieros Civiles, Topógrafos y Arquitectos",2263,"Arquitectos, Planificadores Urbanos y del Transporte",2025,20251,"2025-Q1",1666,15539.427370948379,1,15539.427370948379,0.001209750911851565,0
2,"Profesionistas y Técnicos",22,"Investigadores y Especialistas en Ciencias Exactas, Biológicas, Ingeniería, Informática y en Telecomunicaciones",227,"Investigadores y Especialistas en Sistemas Computacionales",2271,"Desarrolladores y Analistas de Software y Multimedia",2025,20251,"2025-Q1",3551,10239.369191776965,1,10239.369191776965,0.0025785267034723336,0
2,"Profesionistas y Técnicos",22,"Investigadores y Especialistas en Ciencias Exactas, Biológicas, Ingeniería, Informática y en Telecomunicaciones",227,"Investigadores y Especialistas en Sistemas Computacionales",2272,"Administradores de Bases de Datos y Redes de Computadora",2025,20251,"2025-Q1",286,0,1,0,0.0002076763270045304,0
2,"Profesionistas y Técnicos",23,"Profesores y Especialistas en Docencia",231,"Supervisores Educativos y Especialistas en Ciencias de la Educación",2311,"Supervisores e Inspectores Educativos",2025,20251,"2025-Q1",48,12000,1,12000,0.00003485476816859251,0
2,"Profesionistas y Técnicos",23,"Profesores y Especialistas en Docencia",232,"Profesores de Nivel Medio y Superior",2321,"Profesores Universitarios y de Enseñanza Superior",2025,20251,"2025-Q1",5763,7892.23112961999,1,7892.23112961999,0.004184750603241639,0
2,"Profesionistas y Técnicos",23,"Profesores y Especialistas en Docencia",232,"Profesores de Nivel Medio y Superior",2322,"Profesores de Preparatoria y Equivalentes",2025,20251,"2025-Q1",2876,7372.739916550765,1,7372.739916550765,0.0020883815261015016,0
2,"Profesionistas y Técnicos",23,"Profesores y Especialistas en Docencia",233,"Profesores de Nivel Básico",2331,"Profesores de Enseñanza Secundaria",2025,20251,"2025-Q1",7751,8513.017675138692,1,8513.017675138692,0.005628318918224178,0
2,"Profesionistas y Técnicos",23,"Profesores y Especialistas en Docencia",233,"Profesores de Nivel Básico",2332,"Profesores de Enseñanza Primaria",2025,20251,"2025-Q1",10842,6883.453237410072,1,6883.453237410072,0.007872820760080834,0
2,"Profesionistas y Técnicos",23,"Profesores y Especialistas en Docencia",233,"Profesores de Nivel Básico",2333,"Alfabetizadores",2025,20251,"2025-Q1",261,0,1,0,0.0001895228019167218,0
2,"Profesionistas y Técnicos",23,"Profesores y Especialistas en Docencia",233,"Profesores de Nivel Básico",2335,"Profesores de Enseñanza Preescolar",2025,20251,"2025-Q1",6532,5462.936313533374,1,5462.936313533374,0.004743153034942631,0
2,"Profesionistas y Técnicos",23,"Profesores y Especialistas en Docencia",234,"Profesores en Enseñanza Especial",2341,"Profesores de Personas con Problemas de Audición y Lenguaje",2025,20251,"2025-Q1",230,12000,1,12000,0.00016701243080783913,0
2,"Profesionistas y Técnicos",23,"Profesores y Especialistas en Docencia",234,"Profesores en Enseñanza Especial",2342,"Profesores de Personas con Problemas de Aprendizaje",2025,20251,"2025-Q1",327,12336.633027522936,1,12336.633027522936,0.0002374481081485365,0
2,"Profesionistas y Técnicos",23,"Profesores y Especialistas en Docencia",234,"Profesores en Enseñanza Especial",2343,"Otros Profesores de Enseñanza Especial",2025,20251,"2025-Q1",1740,12475.862068965518,1,12475.862068965518,0.0012634853461114786,0
2,"Profesionistas y Técnicos",24,"Médicos, Enfermeras y otros Especialistas en Salud",241,"Médicos Generales y Especialistas",2411,"Médicos Generales y Familiares",2025,20251,"2025-Q1",4328,9934.842883548983,1,9934.842883548983,0.003142738263201425,0
2,"Profesionistas y Técnicos",24,"Médicos, Enfermeras y otros Especialistas en Salud",241,"Médicos Generales y Especialistas",2412,"Médicos Especialistas",2025,20251,"2025-Q1",2335,4047.1092077087796,1,4047.1092077087796,0.0016955392432013233,0
2,"Profesionistas y Técnicos",24,"Médicos, Enfermeras y otros Especialistas en Salud",242,"Otros Especialistas en Salud",2423,"Nutriólogos",2025,20251,"2025-Q1",761,15712.483574244416,1,15712.483574244416,0.0005525933036728938,0
2,"Profesionistas y Técnicos",24,"Médicos, Enfermeras y otros Especialistas en Salud",242,"Otros Especialistas en Salud",2426,"Enfermeras Especialistas",2025,20251,"2025-Q1",153,40000,1,40000,0.00011109957353738863,0
2,"Profesionistas y Técnicos",25,"Auxiliares y Técnicos en Ciencias Económico-Administrativas, Ciencias Sociales, Humanistas y en Artes",251,"Auxiliares en Administración, Contabilidad y Finanzas",2511,"Auxiliares en Administración, Mercadotecnia, Comercialización y Comercio Exterior",2025,20251,"2025-Q1",13436,7153.942393569515,1,7153.942393569515,0.009756430523191854,0
2,"Profesionistas y Técnicos",25,"Auxiliares y Técnicos en Ciencias Económico-Administrativas, Ciencias Sociales, Humanistas y en Artes",251,"Auxiliares en Administración, Contabilidad y Finanzas",2512,"Auxiliares en Contabilidad, Economía, Finanzas y Agentes de Bolsa",2025,20251,"2025-Q1",11334,9098.521175224987,1,9098.521175224987,0.008230082133808908,0
2,"Profesionistas y Técnicos",25,"Auxiliares y Técnicos en Ciencias Económico-Administrativas, Ciencias Sociales, Humanistas y en Artes",251,"Auxiliares en Administración, Contabilidad y Finanzas",2513,"Tramitadores Aduanales",2025,20251,"2025-Q1",477,0,1,0,0.0003463692586753881,0
2,"Profesionistas y Técnicos",25,"Auxiliares y Técnicos en Ciencias Económico-Administrativas, Ciencias Sociales, Humanistas y en Artes",251,"Auxiliares en Administración, Contabilidad y Finanzas",2514,"Valuadores, Subastadores y Rematadores",2025,20251,"2025-Q1",922,0,1,0,0.0006695020052383812,0
2,"Profesionistas y Técnicos",25,"Auxiliares y Técnicos en Ciencias Económico-Administrativas, Ciencias Sociales, Humanistas y en Artes",252,"Inspectores Públicos",2521,"Oficiales del Ministerio Público y Detectives",2025,20251,"2025-Q1",179,0,1,0,0.00012997923962870957,0
2,"Profesionistas y Técnicos",25,"Auxiliares y Técnicos en Ciencias Económico-Administrativas, Ciencias Sociales, Humanistas y en Artes",252,"Inspectores Públicos",2522,"Agentes Aduanales y Fronterizos",2025,20251,"2025-Q1",1114,6450,1,6450,0.0008089210779127512,0
2,"Profesionistas y Técnicos",25,"Auxiliares y Técnicos en Ciencias Económico-Administrativas, Ciencias Sociales, Humanistas y en Artes",252,"Inspectores Públicos",2523,"Agentes de Recaudación Tributaria y de Licencias",2025,20251,"2025-Q1",299,0,1,0,0.00021711616005019087,0
2,"Profesionistas y Técnicos",25,"Auxiliares y Técnicos en Ciencias Económico-Administrativas, Ciencias Sociales, Humanistas y en Artes",252,"Inspectores Públicos",2524,"Inspectores en Seguridad Social, de Precios y otros Inspectores Públicos",2025,20251,"2025-Q1",91,12000,1,12000,0.0000660788313196233,0
2,"Profesionistas y Técnicos",25,"Auxiliares y Técnicos en Ciencias Económico-Administrativas, Ciencias Sociales, Humanistas y en Artes",253,"Auxiliares en Ciencias Sociales y Humanistas",2531,"Auxiliares en Ciencias Sociales y Humanistas",2025,20251,"2025-Q1",2618,2744.766997708174,1,2744.766997708174,0.0019010371471953167,0
2,"Profesionistas y Técnicos",25,"Auxiliares y Técnicos en Ciencias Económico-Administrativas, Ciencias Sociales, Humanistas y en Artes",253,"Auxiliares en Ciencias Sociales y Humanistas",2532,"Auxiliares en Servicios Jurídicos",2025,20251,"2025-Q1",721,8964.147018030513,1,8964.147018030513,0.0005235476635324,0
2,"Profesionistas y Técnicos",25,"Auxiliares y Técnicos en Ciencias Económico-Administrativas, Ciencias Sociales, Humanistas y en Artes",253,"Auxiliares en Ciencias Sociales y Humanistas",2533,"Monjas y Predicadores",2025,20251,"2025-Q1",767,1428.9439374185138,1,1428.9439374185138,0.0005569501496939679,0
2,"Profesionistas y Técnicos",25,"Auxiliares y Técnicos en Ciencias Económico-Administrativas, Ciencias Sociales, Humanistas y en Artes",254,"Diseñadores de Modas, Industriales, Gráficos y Decoradores de Interiores",2542,"Diseñadores Industriales",2025,20251,"2025-Q1",742,11828.504043126684,1,11828.504043126684,0.0005387966246061592,0
2,"Profesionistas y Técnicos",25,"Auxiliares y Técnicos en Ciencias Económico-Administrativas, Ciencias Sociales, Humanistas y en Artes",254,"Diseñadores de Modas, Industriales, Gráficos y Decoradores de Interiores",2543,"Diseñadores Gráficos",2025,20251,"2025-Q1",1246,20383.29855537721,1,20383.29855537721,0.0009047716903763807,0
2,"Profesionistas y Técnicos",25,"Auxiliares y Técnicos en Ciencias Económico-Administrativas, Ciencias Sociales, Humanistas y en Artes",254,"Diseñadores de Modas, Industriales, Gráficos y Decoradores de Interiores",2544,"Decoradores de Interiores, Jardines y Diversos Materiales (Tazas, Llaveros, Etcétera)",2025,20251,"2025-Q1",2828,4430.611739745403,1,4430.611739745403,0.002053526757932909,0
2,"Profesionistas y Técnicos",25,"Auxiliares y Técnicos en Ciencias Económico-Administrativas, Ciencias Sociales, Humanistas y en Artes",255,"Locutores, Animadores y Payasos",2551,"Locutores de Radio, Televisión y otros Medios de Comunicación",2025,20251,"2025-Q1",512,13253.90625,1,13253.90625,0.00037178419379832017,0
2,"Profesionistas y Técnicos",25,"Auxiliares y Técnicos en Ciencias Económico-Administrativas, Ciencias Sociales, Humanistas y en Artes",256,"Deportistas, Entrenadores y Árbitros",2562,"Entrenadores Deportivos y Directores Técnicos",2025,20251,"2025-Q1",672,12450,1,12450,0.0004879667543602952,0
2,"Profesionistas y Técnicos",26,"Auxiliares y Técnicos en Ciencias Exactas, Biológicas, Ingeniería, Informática y en Telecomunicaciones",261,"Auxiliares y Técnicos en Ciencias Físicas, Matemáticas, Biológicas, Químicas, del Medio Ambiente y Agronómicas",2612,"Auxiliares y Técnicos en Ciencias Biológicas, Químicas y del Medio Ambiente",2025,20251,"2025-Q1",1013,6779.960513326752,1,6779.960513326752,0.0007355808365580045,0
2,"Profesionistas y Técnicos",26,"Auxiliares y Técnicos en Ciencias Exactas, Biológicas, Ingeniería, Informática y en Telecomunicaciones",261,"Auxiliares y Técnicos en Ciencias Físicas, Matemáticas, Biológicas, Químicas, del Medio Ambiente y Agronómicas",2614,"Auxiliares y Técnicos en Veterinaria, Pesca y Forestación",2025,20251,"2025-Q1",133,0,1,0,0.00009657675346714175,0
2,"Profesionistas y Técnicos",26,"Auxiliares y Técnicos en Ciencias Exactas, Biológicas, Ingeniería, Informática y en Telecomunicaciones",262,"Auxiliares y Técnicos Industriales, Topógrafos, Mineros y Dibujantes Técnicos",2621,"Auxiliares y Técnicos Industriales y Químicos",2025,20251,"2025-Q1",185,0,1,0,0.00013433608564978363,0
2,"Profesionistas y Técnicos",26,"Auxiliares y Técnicos en Ciencias Exactas, Biológicas, Ingeniería, Informática y en Telecomunicaciones",262,"Auxiliares y Técnicos Industriales, Topógrafos, Mineros y Dibujantes Técnicos",2624,"Auxiliares y Técnicos en Construcción y Arquitectura",2025,20251,"2025-Q1",346,4250.289017341041,1,4250.289017341041,0.000251244787215271,0
2,"Profesionistas y Técnicos",26,"Auxiliares y Técnicos en Ciencias Exactas, Biológicas, Ingeniería, Informática y en Telecomunicaciones",262,"Auxiliares y Técnicos Industriales, Topógrafos, Mineros y Dibujantes Técnicos",2625,"Dibujantes Técnicos",2025,20251,"2025-Q1",139,51170,1,51170,0.00010093359948821581,0
2,"Profesionistas y Técnicos",26,"Auxiliares y Técnicos en Ciencias Exactas, Biológicas, Ingeniería, Informática y en Telecomunicaciones",263,"Mecánicos y Técnicos en Mantenimiento y Reparación de Equipos Mecánicos, Vehículos de Motor, Instrumentos Industriales y Equipo de Refrigeración",2630,"Supervisores de Mecánicos y Técnicos en Mantenimiento y Reparación de Equipos Mecánicos, Vehículos de Motor, Instrumentos Industriales y Equipo de Refrigeración",2025,20251,"2025-Q1",1963,13072.33825776872,1,13072.33825776872,0.0014254147898947313,0
2,"Profesionistas y Técnicos",26,"Auxiliares y Técnicos en Ciencias Exactas, Biológicas, Ingeniería, Informática y en Telecomunicaciones",263,"Mecánicos y Técnicos en Mantenimiento y Reparación de Equipos Mecánicos, Vehículos de Motor, Instrumentos Industriales y Equipo de Refrigeración",2631,"Técnicos en Mantenimiento y Reparación de Vehículos de Motor",2025,20251,"2025-Q1",601,4614.808652246256,1,4614.808652246256,0.00043641074311091875,0
2,"Profesionistas y Técnicos",26,"Auxiliares y Técnicos en Ciencias Exactas, Biológicas, Ingeniería, Informática y en Telecomunicaciones",263,"Mecánicos y Técnicos en Mantenimiento y Reparación de Equipos Mecánicos, Vehículos de Motor, Instrumentos Industriales y Equipo de Refrigeración",2632,"Mecánicos en Mantenimiento y Reparación de Vehículos de Motor",2025,20251,"2025-Q1",18631,8676.476302935967,1,8676.476302935967,0.013528733036438482,0
2,"Profesionistas y Técnicos",26,"Auxiliares y Técnicos en Ciencias Exactas, Biológicas, Ingeniería, Informática y en Telecomunicaciones",263,"Mecánicos y Técnicos en Mantenimiento y Reparación de Equipos Mecánicos, Vehículos de Motor, Instrumentos Industriales y Equipo de Refrigeración",2633,"Técnicos en Mantenimiento y Reparación de Maquinaria e Instrumentos Industriales",2025,20251,"2025-Q1",7686,8116.288056206089,1,8116.288056206089,0.005581119752995876,0
2,"Profesionistas y Técnicos",26,"Auxiliares y Técnicos en Ciencias Exactas, Biológicas, Ingeniería, Informática y en Telecomunicaciones",263,"Mecánicos y Técnicos en Mantenimiento y Reparación de Equipos Mecánicos, Vehículos de Motor, Instrumentos Industriales y Equipo de Refrigeración",2634,"Mecánicos en Mantenimiento y Reparación de Maquinaria e Instrumentos Industriales",2025,20251,"2025-Q1",4212,7440.5887939221275,1,7440.5887939221275,0.003058505906793993,0
2,"Profesionistas y Técnicos",26,"Auxiliares y Técnicos en Ciencias Exactas, Biológicas, Ingeniería, Informática y en Telecomunicaciones",263,"Mecánicos y Técnicos en Mantenimiento y Reparación de Equipos Mecánicos, Vehículos de Motor, Instrumentos Industriales y Equipo de Refrigeración",2637,"Técnicos en la Instalación, Reparación y Mantenimiento de Equipos de Refrigeración, Climas y Aire Acondicionado",2025,20251,"2025-Q1",1354,7739.364844903988,1,7739.364844903988,0.0009831949187557138,0
2,"Profesionistas y Técnicos",26,"Auxiliares y Técnicos en Ciencias Exactas, Biológicas, Ingeniería, Informática y en Telecomunicaciones",263,"Mecánicos y Técnicos en Mantenimiento y Reparación de Equipos Mecánicos, Vehículos de Motor, Instrumentos Industriales y Equipo de Refrigeración",2638,"Mecánicos en Instalación, Mantenimiento y Reparación de Equipos de Refrigeración, Climas y Aire Acondicionado.",2025,20251,"2025-Q1",824,10750,1,10750,0.0005983401868941715,0
2,"Profesionistas y Técnicos",26,"Auxiliares y Técnicos en Ciencias Exactas, Biológicas, Ingeniería, Informática y en Telecomunicaciones",263,"Mecánicos y Técnicos en Mantenimiento y Reparación de Equipos Mecánicos, Vehículos de Motor, Instrumentos Industriales y Equipo de Refrigeración",2639,"Otras Ocupaciones de Mecánicos y Técnicos en el Mantenimiento y Reparación de Equipos Mecánicos, Vehículos de Motor e Instrumentos Industriales, no Clasificados Anteriormente",2025,20251,"2025-Q1",1076,9603.066914498142,1,9603.066914498142,0.0007813277197792821,0
2,"Profesionistas y Técnicos",26,"Auxiliares y Técnicos en Ciencias Exactas, Biológicas, Ingeniería, Informática y en Telecomunicaciones",264,"Técnicos Eléctricos, en Electrónica y de Equipos en Telecomunicaciones y Electromecánicos",2640,"Supervisores de Técnicos Eléctricos, en Electrónica y de Equipos en Telecomunicaciones y Electromecánicos",2025,20251,"2025-Q1",860,4675,1,4675,0.0006244812630206159,0
2,"Profesionistas y Técnicos",26,"Auxiliares y Técnicos en Ciencias Exactas, Biológicas, Ingeniería, Informática y en Telecomunicaciones",264,"Técnicos Eléctricos, en Electrónica y de Equipos en Telecomunicaciones y Electromecánicos",2641,"Técnicos Eléctricos",2025,20251,"2025-Q1",2189,2065.53220648698,1,2065.53220648698,0.0015895226566885212,0
2,"Profesionistas y Técnicos",26,"Auxiliares y Técnicos en Ciencias Exactas, Biológicas, Ingeniería, Informática y en Telecomunicaciones",264,"Técnicos Eléctricos, en Electrónica y de Equipos en Telecomunicaciones y Electromecánicos",2642,"Electricistas y Linieros",2025,20251,"2025-Q1",7842,7145.585309869931,1,7145.585309869931,0.0056943977495438015,0
2,"Profesionistas y Técnicos",26,"Auxiliares y Técnicos en Ciencias Exactas, Biológicas, Ingeniería, Informática y en Telecomunicaciones",264,"Técnicos Eléctricos, en Electrónica y de Equipos en Telecomunicaciones y Electromecánicos",2643,"Técnicos en Instalación y Reparación de Equipos Electrónicos, Telecomunicaciones y Electrodoméstico (Excepto Equipos Informáticos)",2025,20251,"2025-Q1",3672,8811.772875816994,1,8811.772875816994,0.0026663897648973272,0
2,"Profesionistas y Técnicos",26,"Auxiliares y Técnicos en Ciencias Exactas, Biológicas, Ingeniería, Informática y en Telecomunicaciones",264,"Técnicos Eléctricos, en Electrónica y de Equipos en Telecomunicaciones y Electromecánicos",2644,"Trabajadores en Instalación y Reparación de Equipos Electrónicos, Telecomunicaciones y Electrodoméstico (Excepto Equipos Informáticos)",2025,20251,"2025-Q1",3041,3585.5804011838213,1,3585.5804011838213,0.002208194791681038,0
2,"Profesionistas y Técnicos",26,"Auxiliares y Técnicos en Ciencias Exactas, Biológicas, Ingeniería, Informática y en Telecomunicaciones",264,"Técnicos Eléctricos, en Electrónica y de Equipos en Telecomunicaciones y Electromecánicos",2645,"Técnicos en Reparación de Equipos Electromecánicos",2025,20251,"2025-Q1",163,0,1,0,0.00011836098357251208,0
2,"Profesionistas y Técnicos",26,"Auxiliares y Técnicos en Ciencias Exactas, Biológicas, Ingeniería, Informática y en Telecomunicaciones",264,"Técnicos Eléctricos, en Electrónica y de Equipos en Telecomunicaciones y Electromecánicos",2646,"Trabajadores en Reparación de Equipos Electromecánicos",2025,20251,"2025-Q1",3153,11949.55788138281,1,11949.55788138281,0.0022895225840744208,0
2,"Profesionistas y Técnicos",26,"Auxiliares y Técnicos en Ciencias Exactas, Biológicas, Ingeniería, Informática y en Telecomunicaciones",264,"Técnicos Eléctricos, en Electrónica y de Equipos en Telecomunicaciones y Electromecánicos",2649,"Otros Técnicos Eléctricos, en Electrónica y de Equipos en Telecomunicaciones y Electromecánicos, no Clasificados Anteriormente",2025,20251,"2025-Q1",285,0,1,0,0.00020695018600101804,0
2,"Profesionistas y Técnicos",26,"Auxiliares y Técnicos en Ciencias Exactas, Biológicas, Ingeniería, Informática y en Telecomunicaciones",265,"Auxiliares y Técnicos en Informática y en Equipos de Comunicaciones y Grabación",2651,"Técnicos en la Instalación y Reparación de Redes, Equipos y en Sistemas Computacionales",2025,20251,"2025-Q1",3503,21488.352840422496,1,21488.352840422496,0.002543671935303741,0
2,"Profesionistas y Técnicos",26,"Auxiliares y Técnicos en Ciencias Exactas, Biológicas, Ingeniería, Informática y en Telecomunicaciones",265,"Auxiliares y Técnicos en Informática y en Equipos de Comunicaciones y Grabación",2653,"Auxiliares y Técnicos de Equipos de Grabación y Reproducción de Video",2025,20251,"2025-Q1",861,7291.521486643438,1,7291.521486643438,0.0006252074040241282,0
2,"Profesionistas y Técnicos",26,"Auxiliares y Técnicos en Ciencias Exactas, Biológicas, Ingeniería, Informática y en Telecomunicaciones",265,"Auxiliares y Técnicos en Informática y en Equipos de Comunicaciones y Grabación",2654,"Auxiliares y Técnicos de Ingeniería de Audio, Sonido e Iluminación",2025,20251,"2025-Q1",662,11680.211480362537,1,11680.211480362537,0.00048070534432517173,0
2,"Profesionistas y Técnicos",26,"Auxiliares y Técnicos en Ciencias Exactas, Biológicas, Ingeniería, Informática y en Telecomunicaciones",265,"Auxiliares y Técnicos en Informática y en Equipos de Comunicaciones y Grabación",2655,"Fotógrafos",2025,20251,"2025-Q1",575,2644.608695652174,1,2644.608695652174,0.0004175310770195978,0
2,"Profesionistas y Técnicos",26,"Auxiliares y Técnicos en Ciencias Exactas, Biológicas, Ingeniería, Informática y en Telecomunicaciones",266,"Controladores de Tráfico Aéreo y de otros Transporte",2662,"Controladores de Tráfico de otros Transportes (Terrestre, Ferroviario y Marítimo)",2025,20251,"2025-Q1",302,8172.847682119205,1,8172.847682119205,0.0002192945830607279,0
2,"Profesionistas y Técnicos",27,"Auxiliares y Técnicos en Educación, Instructores y Capacitadores",271,"Auxiliares y Técnicos en Educación, Instructores y Capacitadores",2711,"Auxiliares y Técnicos en Pedagogía y en Educación",2025,20251,"2025-Q1",874,5203.6613272311215,1,5203.6613272311215,0.0006346472370697887,0
2,"Profesionistas y Técnicos",27,"Auxiliares y Técnicos en Educación, Instructores y Capacitadores",271,"Auxiliares y Técnicos en Educación, Instructores y Capacitadores",2712,"Instructores en Estudios y Capacitación Artística",2025,20251,"2025-Q1",1334,0,1,0,0.000968672098685467,0
2,"Profesionistas y Técnicos",27,"Auxiliares y Técnicos en Educación, Instructores y Capacitadores",271,"Auxiliares y Técnicos en Educación, Instructores y Capacitadores",2714,"Instructores en Idiomas Extranjeros",2025,20251,"2025-Q1",355,0,1,0,0.00025778005624688214,0
2,"Profesionistas y Técnicos",27,"Auxiliares y Técnicos en Educación, Instructores y Capacitadores",271,"Auxiliares y Técnicos en Educación, Instructores y Capacitadores",2715,"Instructores y Capacitadores en Oficios y para el Trabajo",2025,20251,"2025-Q1",3001,7346.391202932356,1,7346.391202932356,0.0021791491515405445,0
2,"Profesionistas y Técnicos",27,"Auxiliares y Técnicos en Educación, Instructores y Capacitadores",271,"Auxiliares y Técnicos en Educación, Instructores y Capacitadores",2716,"Profesores en Educación Física y Deporte",2025,20251,"2025-Q1",1446,1601.625172890733,1,1601.625172890733,0.0010499998910788494,0
2,"Profesionistas y Técnicos",28,"Enfermeras, Técnicos en Medicina y Trabajadores de Apoyo en Salud",281,"Enfermeras y Técnicos en Medicina",2811,"Enfermeras (Técnicas)",2025,20251,"2025-Q1",1488,12513.440860215054,1,12513.440860215054,0.001080497813226368,0
2,"Profesionistas y Técnicos",28,"Enfermeras, Técnicos en Medicina y Trabajadores de Apoyo en Salud",281,"Enfermeras y Técnicos en Medicina",2812,"Técnicos en Aparatos de Diagnóstico, Tratamiento Médico, Podólogos y Fisioterapeutas",2025,20251,"2025-Q1",1491,4013.2796780684102,1,4013.2796780684102,0.001082676236236905,0
2,"Profesionistas y Técnicos",28,"Enfermeras, Técnicos en Medicina y Trabajadores de Apoyo en Salud",281,"Enfermeras y Técnicos en Medicina",2813,"Técnicos de Laboratorios Médicos",2025,20251,"2025-Q1",452,15000,1,15000,0.0003282157335875795,0
2,"Profesionistas y Técnicos",28,"Enfermeras, Técnicos en Medicina y Trabajadores de Apoyo en Salud",281,"Enfermeras y Técnicos en Medicina",2815,"Técnicos de Prótesis Médicas y Dentales",2025,20251,"2025-Q1",484,14272.520661157025,1,14272.520661157025,0.0003514522456999745,0
2,"Profesionistas y Técnicos",28,"Enfermeras, Técnicos en Medicina y Trabajadores de Apoyo en Salud",282,"Trabajadores de Apoyo en Salud",2821,"Auxiliares en Enfermería y Paramédicos",2025,20251,"2025-Q1",3746,6531.9914575547255,1,6531.9914575547255,0.0027201241991572406,0
2,"Profesionistas y Técnicos",28,"Enfermeras, Técnicos en Medicina y Trabajadores de Apoyo en Salud",282,"Trabajadores de Apoyo en Salud",2822,"Auxiliares y Asistentes Dentales",2025,20251,"2025-Q1",2349,2005.5683269476374,1,2005.5683269476374,0.001705705217250496,0
2,"Profesionistas y Técnicos",28,"Enfermeras, Técnicos en Medicina y Trabajadores de Apoyo en Salud",282,"Trabajadores de Apoyo en Salud",2823,"Auxiliares Hospitalarios y de Medicina",2025,20251,"2025-Q1",777,8060.489060489061,1,8060.489060489061,0.0005642115597290913,0
2,"Profesionistas y Técnicos",28,"Enfermeras, Técnicos en Medicina y Trabajadores de Apoyo en Salud",282,"Trabajadores de Apoyo en Salud",2825,"Técnicos en Seguridad en el Trabajo e Higiene",2025,20251,"2025-Q1",1229,8459.039869812856,1,8459.039869812856,0.0008924272933166709,0
2,"Profesionistas y Técnicos",28,"Enfermeras, Técnicos en Medicina y Trabajadores de Apoyo en Salud",282,"Trabajadores de Apoyo en Salud",2826,"Curanderos, Hierberos y Hueseros",2025,20251,"2025-Q1",228,4911.0526315789475,1,4911.0526315789475,0.00016556014880081445,0
2,"Profesionistas y Técnicos",28,"Enfermeras, Técnicos en Medicina y Trabajadores de Apoyo en Salud",282,"Trabajadores de Apoyo en Salud",2827,"Fumigadores y Controladores de Plagas",2025,20251,"2025-Q1",3603,8267.657507632528,1,8267.657507632528,0.0026162860356549757,0
2,"Profesionistas y Técnicos",29,"Otros Especialistas y Técnicos, no Clasificados Anteriormente",299,"Otros Especialistas y Técnicos, no Clasificados Anteriormente",2991,"Otros Especialistas no Clasificados Anteriormente",2025,20251,"2025-Q1",185,5500,1,5500,0.00013433608564978363,0
3,"Trabajadores Auxiliares en Actividades Administrativas",31,"Secretarias, Capturistas, Cajeros y Trabajadores de Control de Archivo y Transporte",310,"Supervisores de Secretarias, Capturistas, Cajeros y Trabajadores de Control de Archivo y Transporte",3101,"Supervisores de Secretarias, Capturistas, Cajeros y Trabajadores de Control de Archivo y Transporte",2025,20251,"2025-Q1",3597,6843.561301084237,1,6843.561301084237,0.0026119291896339013,0
3,"Trabajadores Auxiliares en Actividades Administrativas",31,"Secretarias, Capturistas, Cajeros y Trabajadores de Control de Archivo y Transporte",311,"Secretarias, Taquígrafos, Mecanógrafos, Capturistas de Datos y Operadores de Máquinas de Oficina",3111,"Secretarias",2025,20251,"2025-Q1",10266,5132.1205922462495,1,5132.1205922462495,0.007454563542057724,0
3,"Trabajadores Auxiliares en Actividades Administrativas",31,"Secretarias, Capturistas, Cajeros y Trabajadores de Control de Archivo y Transporte",311,"Secretarias, Taquígrafos, Mecanógrafos, Capturistas de Datos y Operadores de Máquinas de Oficina",3112,"Taquígrafos, Mecanógrafos y Similares",2025,20251,"2025-Q1",164,10200,1,10200,0.00011908712457602442,0
3,"Trabajadores Auxiliares en Actividades Administrativas",31,"Secretarias, Capturistas, Cajeros y Trabajadores de Control de Archivo y Transporte",311,"Secretarias, Taquígrafos, Mecanógrafos, Capturistas de Datos y Operadores de Máquinas de Oficina",3113,"Capturistas de Datos",2025,20251,"2025-Q1",4916,6667.329129373475,1,6667.329129373475,0.0035697091732666835,0
3,"Trabajadores Auxiliares en Actividades Administrativas",31,"Secretarias, Capturistas, Cajeros y Trabajadores de Control de Archivo y Transporte",311,"Secretarias, Taquígrafos, Mecanógrafos, Capturistas de Datos y Operadores de Máquinas de Oficina",3114,"Operadores de Máquinas de Oficina (Fotocopiadora, Etcétera)",2025,20251,"2025-Q1",125,9200,1,9200,0.00009076762543904301,0
3,"Trabajadores Auxiliares en Actividades Administrativas",31,"Secretarias, Capturistas, Cajeros y Trabajadores de Control de Archivo y Transporte",311,"Secretarias, Taquígrafos, Mecanógrafos, Capturistas de Datos y Operadores de Máquinas de Oficina",3115,"Trabajadores de Apoyo en Actividades Administrativas Diversas",2025,20251,"2025-Q1",24291,6988.982586143016,1,6988.982586143016,0.01763869111631835,0
3,"Trabajadores Auxiliares en Actividades Administrativas",31,"Secretarias, Capturistas, Cajeros y Trabajadores de Control de Archivo y Transporte",312,"Cajeros, Cobradores y Pagadores",3121,"Cajeros, Taquilleros y Receptores de Apuestas",2025,20251,"2025-Q1",36430,6135.539939610211,1,6135.539939610211,0.026453316757954693,0
3,"Trabajadores Auxiliares en Actividades Administrativas",31,"Secretarias, Capturistas, Cajeros y Trabajadores de Control de Archivo y Transporte",312,"Cajeros, Cobradores y Pagadores",3122,"Cobradores, Pagadores y Prestamistas",2025,20251,"2025-Q1",2705,9644.399260628466,1,9644.399260628466,0.0019642114145008906,0
3,"Trabajadores Auxiliares en Actividades Administrativas",31,"Secretarias, Capturistas, Cajeros y Trabajadores de Control de Archivo y Transporte",313,"Trabajadores en Archivo y Control de Almacén y Bodega",3131,"Trabajadores en Archivo y Correspondencia",2025,20251,"2025-Q1",2215,4904.740406320542,1,4904.740406320542,0.001608402322779842,0
3,"Trabajadores Auxiliares en Actividades Administrativas",31,"Secretarias, Capturistas, Cajeros y Trabajadores de Control de Archivo y Transporte",313,"Trabajadores en Archivo y Control de Almacén y Bodega",3132,"Encargados y Trabajadores en Control de Almacén y Bodega",2025,20251,"2025-Q1",14288,7251.303191489362,1,7251.303191489362,0.010375102658184372,0
3,"Trabajadores Auxiliares en Actividades Administrativas",31,"Secretarias, Capturistas, Cajeros y Trabajadores de Control de Archivo y Transporte",314,"Trabajadores en el Control de la Operación de Transporte",3142,"Checadores y Revisores de Transporte",2025,20251,"2025-Q1",693,5988.880230880231,1,5988.880230880231,0.0005032157154340544,0
3,"Trabajadores Auxiliares en Actividades Administrativas",32,"Trabajadores que Brindan y Manejan Información",320,"Supervisores de Trabajadores que Brindan y Manejan Información",3201,"Supervisores de Trabajadores que Brindan y Manejan Información",2025,20251,"2025-Q1",696,12246.408045977012,1,12246.408045977012,0.0005053941384445915,0
3,"Trabajadores Auxiliares en Actividades Administrativas",32,"Trabajadores que Brindan y Manejan Información",321,"Recepcionistas, Trabajadores que Brindan Información y Telefonistas",3211,"Recepcionistas y Trabajadores que Brindan Información (De Forma Personal)",2025,20251,"2025-Q1",11626,6602.995011181833,1,6602.995011181833,0.008442115306834511,0
3,"Trabajadores Auxiliares en Actividades Administrativas",32,"Trabajadores que Brindan y Manejan Información",321,"Recepcionistas, Trabajadores que Brindan Información y Telefonistas",3212,"Trabajadores que Brindan Información por Teléfono (Centro de Llamadas) y Anunciadores",2025,20251,"2025-Q1",3772,4251.1479321314955,1,4251.1479321314955,0.002739003865248562,0
3,"Trabajadores Auxiliares en Actividades Administrativas",32,"Trabajadores que Brindan y Manejan Información",321,"Recepcionistas, Trabajadores que Brindan Información y Telefonistas",3213,"Telefonistas y Telegrafistas",2025,20251,"2025-Q1",516,3003.4883720930234,1,3003.4883720930234,0.0003746887578123695,0
3,"Trabajadores Auxiliares en Actividades Administrativas",32,"Trabajadores que Brindan y Manejan Información",323,"Encuestadores y Codificadores",3232,"Codificadores de Información",2025,20251,"2025-Q1",127,48000,1,48000,0.00009221990744606769,0
4,"Comerciantes, Empleados en Ventas y Agentes de Ventas",41,"Comerciantes en Establecimientos",411,"Comerciantes en Establecimientos",4111,"Comerciantes en Establecimientos",2025,20251,"2025-Q1",43486,3742.604976314216,-0.1737671948110191,-787.1170981538694,0.03157696767873779,4529.722074468085
4,"Comerciantes, Empleados en Ventas y Agentes de Ventas",42,"Empleados de Ventas en Establecimientos",420,"Encargados y Supervisores de Ventas de Productos y de Servicios Financieros y de Alquiler",4201,"Encargados y Supervisores de Ventas de Productos y de Servicios Financieros y de Alquiler",2025,20251,"2025-Q1",14398,8224.870815391027,1,8224.870815391027,0.010454978168570729,0
4,"Comerciantes, Empleados en Ventas y Agentes de Ventas",42,"Empleados de Ventas en Establecimientos",421,"Empleados de Ventas y Vendedores por Teléfono",4211,"Empleados de Ventas, Despachadores y Dependientes en Comercios",2025,20251,"2025-Q1",71759,5455.750219484664,1,5455.750219484664,0.0521071522710423,0
4,"Comerciantes, Empleados en Ventas y Agentes de Ventas",42,"Empleados de Ventas en Establecimientos",421,"Empleados de Ventas y Vendedores por Teléfono",4212,"Anaqueleros, Acomodadores y Seleccionadores de Mercancías y Alimentadores de Máquinas Expendedoras",2025,20251,"2025-Q1",5790,4243.483592400691,1,4243.483592400691,0.004204356410336472,0
4,"Comerciantes, Empleados en Ventas y Agentes de Ventas",42,"Empleados de Ventas en Establecimientos",421,"Empleados de Ventas y Vendedores por Teléfono",4213,"Vendedores por Teléfono",2025,20251,"2025-Q1",1270,5594.251968503937,1,5594.251968503937,0.000922199074460677,0
4,"Comerciantes, Empleados en Ventas y Agentes de Ventas",42,"Empleados de Ventas en Establecimientos",421,"Empleados de Ventas y Vendedores por Teléfono",4214,"Choferes Vendedores",2025,20251,"2025-Q1",2800,4735.682142857143,1,4735.682142857143,0.0020331948098345634,0
4,"Comerciantes, Empleados en Ventas y Agentes de Ventas",42,"Empleados de Ventas en Establecimientos",422,"Agentes, Representantes de Ventas y Vendedores por Catálogo",4221,"Agentes y Representantes de Ventas y Consignatarios",2025,20251,"2025-Q1",7274,6711.783062963981,1,6711.783062963981,0.005281949659548791,0
4,"Comerciantes, Empleados en Ventas y Agentes de Ventas",42,"Empleados de Ventas en Establecimientos",422,"Agentes, Representantes de Ventas y Vendedores por Catálogo",4222,"Agentes de Seguros y Servicios Financieros (Ejecutivos de Cuenta)",2025,20251,"2025-Q1",5342,7087.529015350056,1,7087.529015350056,0.003879045240762942,0
4,"Comerciantes, Empleados en Ventas y Agentes de Ventas",42,"Empleados de Ventas en Establecimientos",422,"Agentes, Representantes de Ventas y Vendedores por Catálogo",4223,"Agentes de Bienes Raíces",2025,20251,"2025-Q1",6345,3595.744680851064,1,3595.744680851064,0.004607364667285823,0
4,"Comerciantes, Empleados en Ventas y Agentes de Ventas",42,"Empleados de Ventas en Establecimientos",422,"Agentes, Representantes de Ventas y Vendedores por Catálogo",4224,"Vendedores por Catálogo",2025,20251,"2025-Q1",6345,1191.0449172576832,1,1191.0449172576832,0.004607364667285823,0
4,"Comerciantes, Empleados en Ventas y Agentes de Ventas",42,"Empleados de Ventas en Establecimientos",423,"Trabajadores en la Promoción de Ventas y Modelos",4231,"Demostradores y Promotores",2025,20251,"2025-Q1",1316,3945.478723404255,1,3945.478723404255,0.0009556015606222447,0
4,"Comerciantes, Empleados en Ventas y Agentes de Ventas",43,"Trabajadores en el Alquiler",431,"Trabajadores en el Alquiler",4311,"Trabajadores en el Alquiler Inmobiliario (Casas, Terrenos, Etcétera)",2025,20251,"2025-Q1",1458,19221.19341563786,1,19221.19341563786,0.0010587135831209976,0
4,"Comerciantes, Empleados en Ventas y Agentes de Ventas",43,"Trabajadores en el Alquiler",431,"Trabajadores en el Alquiler",4312,"Trabajadores en el Alquiler de Bienes Muebles (Loza, Películas, Video Juegos, Etcétera)",2025,20251,"2025-Q1",1123,6144.523597506679,1,6144.523597506679,0.0008154563469443623,0
5,"Trabajadores en Servicios Personales y Vigilancia",51,"Trabajadores en la Preparación y Servicio de Alimentos y Bebidas en Establecimientos",510,"Supervisores en la Preparación y Servicio de Alimentos y Bebidas, Así como en Servicios de Esparcimiento y de Hotelería",5101,"Supervisores en la Preparación y Servicio de Alimentos y Bebidas, Así como en Servicios de Esparcimiento y de Hotelería",2025,20251,"2025-Q1",5049,7112.909487027134,-0.0862255181666236,-671.1878241124305,0.003666285926733825,7784.097311139564
5,"Trabajadores en Servicios Personales y Vigilancia",51,"Trabajadores en la Preparación y Servicio de Alimentos y Bebidas en Establecimientos",511,"Trabajadores en la Preparación y Servicio de Alimentos y Bebidas en Establecimientos",5111,"Cocineros",2025,20251,"2025-Q1",13289,6524.630671984348,0.2397632509985886,1261.8269336665908,0.00964968779567554,5262.803738317757
5,"Trabajadores en Servicios Personales y Vigilancia",51,"Trabajadores en la Preparación y Servicio de Alimentos y Bebidas en Establecimientos",511,"Trabajadores en la Preparación y Servicio de Alimentos y Bebidas en Establecimientos",5112,"Fonderos, Vendedores y Comerciantes de Comida",2025,20251,"2025-Q1",10771,7445.66892581933,1,7445.66892581933,0.007821264748831458,0
5,"Trabajadores en Servicios Personales y Vigilancia",51,"Trabajadores en la Preparación y Servicio de Alimentos y Bebidas en Establecimientos",511,"Trabajadores en la Preparación y Servicio de Alimentos y Bebidas en Establecimientos",5113,"Cocineros Domésticos",2025,20251,"2025-Q1",1435,6411.644599303136,1,6411.644599303136,0.0010420123400402136,0
5,"Trabajadores en Servicios Personales y Vigilancia",51,"Trabajadores en la Preparación y Servicio de Alimentos y Bebidas en Establecimientos",511,"Trabajadores en la Preparación y Servicio de Alimentos y Bebidas en Establecimientos",5114,"Taqueros y Preparadores de Comida Rápida, Antojitos, Pizzas, Hot Dogs, Jugos, Café, Etcétera",2025,20251,"2025-Q1",15769,5512.620965184857,1,5512.620965184857,0.011450517484386153,0
5,"Trabajadores en Servicios Personales y Vigilancia",51,"Trabajadores en la Preparación y Servicio de Alimentos y Bebidas en Establecimientos",511,"Trabajadores en la Preparación y Servicio de Alimentos y Bebidas en Establecimientos",5115,"Cantineros",2025,20251,"2025-Q1",711,0,1,0,0.0005162862534972766,0
5,"Trabajadores en Servicios Personales y Vigilancia",51,"Trabajadores en la Preparación y Servicio de Alimentos y Bebidas en Establecimientos",511,"Trabajadores en la Preparación y Servicio de Alimentos y Bebidas en Establecimientos",5116,"Meseros",2025,20251,"2025-Q1",13995,4279.579992854591,1,4279.579992854591,0.010162343344155255,0
5,"Trabajadores en Servicios Personales y Vigilancia",52,"Trabajadores en Cuidados Personales y del Hogar",520,"Supervisores y Encargados de Trabajadores en Cuidados Personales y del Hogar",5201,"Supervisores y Encargados de Trabajadores en Cuidados Personales y del Hogar",2025,20251,"2025-Q1",966,8987.267080745341,0.5620486899112853,3233.7543133195304,0.0007014522093929243,5753.512767425811
5,"Trabajadores en Servicios Personales y Vigilancia",52,"Trabajadores en Cuidados Personales y del Hogar",521,"Peluqueros, Embellecedores y Similares",5211,"Peluqueros, Barberos, Estilistas y Peinadores",2025,20251,"2025-Q1",13168,4529.176032806804,0.5047096454507655,1519.176032806804,0.009561824734250546,3010
5,"Trabajadores en Servicios Personales y Vigilancia",52,"Trabajadores en Cuidados Personales y del Hogar",521,"Peluqueros, Embellecedores y Similares",5212,"Maquillistas, Manicuristas, Pedicuristas y Tatuadores",2025,20251,"2025-Q1",12560,3583.8877388535034,1,3583.8877388535034,0.00912033100411504,0
5,"Trabajadores en Servicios Personales y Vigilancia",52,"Trabajadores en Cuidados Personales y del Hogar",521,"Peluqueros, Embellecedores y Similares",5213,"Bañeros y Masajistas",2025,20251,"2025-Q1",883,3333.8391845979613,1,3333.8391845979613,0.0006411825061013997,0
5,"Trabajadores en Servicios Personales y Vigilancia",52,"Trabajadores en Cuidados Personales y del Hogar",522,"Trabajadores en el Cuidado de Personas",5221,"Cuidadores de Niños, Personas con Discapacidad y Ancianos en Establecimientos",2025,20251,"2025-Q1",5853,3438.5101657269774,1,3438.5101657269774,0.00425010329355775,0
5,"Trabajadores en Servicios Personales y Vigilancia",52,"Trabajadores en Cuidados Personales y del Hogar",522,"Trabajadores en el Cuidado de Personas",5222,"Cuidadores de Niños, Personas con Discapacidad y Ancianos en Casas Particulares",2025,20251,"2025-Q1",7617,5252.156360771957,1.625557295676278,3251.759580468927,0.005531016023753525,2000.39678030303
5,"Trabajadores en Servicios Personales y Vigilancia",52,"Trabajadores en Cuidados Personales y del Hogar",524,"Jardineros",5241,"Jardineros en Establecimientos",2025,20251,"2025-Q1",456,2014.2105263157894,-0.5808817854626352,-2791.6186084049123,0.0003311202976016289,4805.829134720701
5,"Trabajadores en Servicios Personales y Vigilancia",52,"Trabajadores en Cuidados Personales y del Hogar",524,"Jardineros",5242,"Jardineros en Casas Particulares",2025,20251,"2025-Q1",1909,1707.386066003143,-0.41990094899525143,-1235.8803693511302,0.0013862031757050648,2943.266435354273
5,"Trabajadores en Servicios Personales y Vigilancia",52,"Trabajadores en Cuidados Personales y del Hogar",525,"Trabajadores en otros Servicios Personales",5253,"Trabajadores en Servicios Funerarios",2025,20251,"2025-Q1",134,8600,1,8600,0.0000973028944706541,0
5,"Trabajadores en Servicios Personales y Vigilancia",52,"Trabajadores en Cuidados Personales y del Hogar",525,"Trabajadores en otros Servicios Personales",5254,"Entrenadores de Animales y Ocupaciones Relacionadas con el Cuidado de Mascotas",2025,20251,"2025-Q1",382,0,1,0,0.00027738586334171545,0
5,"Trabajadores en Servicios Personales y Vigilancia",53,"Trabajadores en Servicios de Protección y Vigilancia",530,"Supervisores en Servicios de Protección y Vigilancia",5301,"Supervisores en Servicios de Protección y Vigilancia",2025,20251,"2025-Q1",266,1255.639097744361,-0.7345371886375559,-3474.3609022556393,0.0001931535069342835,4730
5,"Trabajadores en Servicios Personales y Vigilancia",53,"Trabajadores en Servicios de Protección y Vigilancia",531,"Trabajadores en Servicios de Protección y Vigilancia",5311,"Bomberos",2025,20251,"2025-Q1",169,32000,1,32000,0.00012271782959358615,0
5,"Trabajadores en Servicios Personales y Vigilancia",53,"Trabajadores en Servicios de Protección y Vigilancia",531,"Trabajadores en Servicios de Protección y Vigilancia",5312,"Policías y Agentes de Tránsito",2025,20251,"2025-Q1",5217,7054.077822503355,1,7054.077822503355,0.0037882776153238987,0
5,"Trabajadores en Servicios Personales y Vigilancia",53,"Trabajadores en Servicios de Protección y Vigilancia",531,"Trabajadores en Servicios de Protección y Vigilancia",5313,"Vigilantes y Guardias en Establecimientos",2025,20251,"2025-Q1",31771,8330.192817349154,1,8330.192817349154,0.023070225822590683,0
5,"Trabajadores en Servicios Personales y Vigilancia",53,"Trabajadores en Servicios de Protección y Vigilancia",531,"Trabajadores en Servicios de Protección y Vigilancia",5314,"Vigilantes y Porteros en Casas Particulares",2025,20251,"2025-Q1",575,6113.304347826087,1,6113.304347826087,0.0004175310770195978,0
5,"Trabajadores en Servicios Personales y Vigilancia",54,"Trabajadores de las Fuerzas Armadas",541,"Trabajadores de las Fuerzas Armadas",5413,"Trabajadores de la Fuerza Armada Terrestre",2025,20251,"2025-Q1",877,9612.314709236032,1,9612.314709236032,0.0006368256600803257,0
6,"Trabajadores en Actividades Agrícolas, Ganaderas, Forestales, Caza y Pesca",61,"Trabajadores en Actividades Agrícolas y Ganaderas",610,"Supervisores, Encargados y Capataces Agropecuarios",6101,"Supervisores, Encargados y Capataces Agropecuarios",2025,20251,"2025-Q1",2255,8112.908203991131,-0.22185116044303468,-2312.9997863236395,0.0016374479629203357,10425.90799031477
6,"Trabajadores en Actividades Agrícolas, Ganaderas, Forestales, Caza y Pesca",61,"Trabajadores en Actividades Agrícolas y Ganaderas",611,"Trabajadores en Actividades Agrícolas",6112,"Trabajadores en el Cultivo de Hortalizas y Verduras",2025,20251,"2025-Q1",15292,7568.672312320167,1,7568.672312320167,0.011104148225710765,0
6,"Trabajadores en Actividades Agrícolas, Ganaderas, Forestales, Caza y Pesca",61,"Trabajadores en Actividades Agrícolas y Ganaderas",611,"Trabajadores en Actividades Agrícolas",6114,"Trabajadores en el Cultivo de Frutales",2025,20251,"2025-Q1",3178,9810.386406544996,1,9810.386406544996,0.0023076761091622294,0
6,"Trabajadores en Actividades Agrícolas, Ganaderas, Forestales, Caza y Pesca",61,"Trabajadores en Actividades Agrícolas y Ganaderas",611,"Trabajadores en Actividades Agrícolas",6116,"Trabajadores en otros Cultivos Agrícolas",2025,20251,"2025-Q1",2290,9281.528384279476,1,9281.528384279476,0.0016628628980432678,0
6,"Trabajadores en Actividades Agrícolas, Ganaderas, Forestales, Caza y Pesca",61,"Trabajadores en Actividades Agrícolas y Ganaderas",611,"Trabajadores en Actividades Agrícolas",6117,"Trabajadores en Actividades de Beneficio de Productos Agrícolas",2025,20251,"2025-Q1",6839,8231.051323292879,1,8231.051323292879,0.004966078323020921,0
6,"Trabajadores en Actividades Agrícolas, Ganaderas, Forestales, Caza y Pesca",61,"Trabajadores en Actividades Agrícolas y Ganaderas",612,"Trabajadores en Actividades Ganaderas y en la Cría de Animales",6121,"Trabajadores en la Cría de Ganado Bovino",2025,20251,"2025-Q1",15440,6061.525388601036,-0.09442747939542553,-632.0582291464043,0.011211617094230592,6693.58361774744
6,"Trabajadores en Actividades Agrícolas, Ganaderas, Forestales, Caza y Pesca",61,"Trabajadores en Actividades Agrícolas y Ganaderas",612,"Trabajadores en Actividades Ganaderas y en la Cría de Animales",6122,"Trabajadores en la Cría de Porcinos",2025,20251,"2025-Q1",1612,19987.531017369725,1,19987.531017369725,0.0011705392976618986,0
6,"Trabajadores en Actividades Agrícolas, Ganaderas, Forestales, Caza y Pesca",61,"Trabajadores en Actividades Agrícolas y Ganaderas",612,"Trabajadores en Actividades Ganaderas y en la Cría de Animales",6123,"Trabajadores en la Cría Avícola",2025,20251,"2025-Q1",3294,8699.993928354585,1,8699.993928354585,0.0023919084655696613,0
6,"Trabajadores en Actividades Agrícolas, Ganaderas, Forestales, Caza y Pesca",61,"Trabajadores en Actividades Agrícolas y Ganaderas",612,"Trabajadores en Actividades Ganaderas y en la Cría de Animales",6124,"Trabajadores en la Cría de Caprinos y Ovinos",2025,20251,"2025-Q1",237,0,1,0,0.00017209541783242554,0
6,"Trabajadores en Actividades Agrícolas, Ganaderas, Forestales, Caza y Pesca",61,"Trabajadores en Actividades Agrícolas y Ganaderas",612,"Trabajadores en Actividades Ganaderas y en la Cría de Animales",6125,"Trabajadores en la Cría de Equinos",2025,20251,"2025-Q1",890,2628.3146067415732,1,2628.3146067415732,0.0006462654931259862,0
6,"Trabajadores en Actividades Agrícolas, Ganaderas, Forestales, Caza y Pesca",61,"Trabajadores en Actividades Agrícolas y Ganaderas",612,"Trabajadores en Actividades Ganaderas y en la Cría de Animales",6128,"Trabajadores en Actividades de Beneficio de Productos Pecuarios",2025,20251,"2025-Q1",1361,10975.268185157973,1,10975.268185157973,0.0009882779057803002,0
6,"Trabajadores en Actividades Agrícolas, Ganaderas, Forestales, Caza y Pesca",62,"Trabajadores en Actividades Pesqueras, Forestales, Caza y Similares",621,"Trabajadores en Actividades Pesqueras y de Acuacultura",6211,"Trabajadores en Actividades Pesqueras",2025,20251,"2025-Q1",5672,8573.8452045134,1,8573.8452045134,0.004118671771922015,0
6,"Trabajadores en Actividades Agrícolas, Ganaderas, Forestales, Caza y Pesca",62,"Trabajadores en Actividades Pesqueras, Forestales, Caza y Similares",621,"Trabajadores en Actividades Pesqueras y de Acuacultura",6212,"Trabajadores en Actividades de Acuacultura",2025,20251,"2025-Q1",2158,4183.234476367006,1,4183.234476367006,0.0015670122855796385,0
6,"Trabajadores en Actividades Agrícolas, Ganaderas, Forestales, Caza y Pesca",62,"Trabajadores en Actividades Pesqueras, Forestales, Caza y Similares",621,"Trabajadores en Actividades Pesqueras y de Acuacultura",6213,"Trabajadores en Actividades de Beneficio de Productos Pesqueros o Acuícolas",2025,20251,"2025-Q1",480,6020,1,6020,0.00034854768168592515,0
6,"Trabajadores en Actividades Agrícolas, Ganaderas, Forestales, Caza y Pesca",62,"Trabajadores en Actividades Pesqueras, Forestales, Caza y Similares",622,"Trabajadores en Actividades Silvícolas y Forestales",6223,"Trabajadores en Viveros e Invernaderos",2025,20251,"2025-Q1",110,0,1,0,0.00007987551038635784,0
6,"Trabajadores en Actividades Agrícolas, Ganaderas, Forestales, Caza y Pesca",62,"Trabajadores en Actividades Pesqueras, Forestales, Caza y Similares",622,"Trabajadores en Actividades Silvícolas y Forestales",6224,"Trabajadores en Actividades de Plantación, Reforestación y Conservación de Bosques",2025,20251,"2025-Q1",724,12450,1,12450,0.0005257260865429371,0
6,"Trabajadores en Actividades Agrícolas, Ganaderas, Forestales, Caza y Pesca",62,"Trabajadores en Actividades Pesqueras, Forestales, Caza y Similares",622,"Trabajadores en Actividades Silvícolas y Forestales",6225,"Cortadores de Leña",2025,20251,"2025-Q1",640,12900,1,12900,0.0004647302422479002,0
6,"Trabajadores en Actividades Agrícolas, Ganaderas, Forestales, Caza y Pesca",62,"Trabajadores en Actividades Pesqueras, Forestales, Caza y Similares",622,"Trabajadores en Actividades Silvícolas y Forestales",6227,"Productores de Carbón Vegetal",2025,20251,"2025-Q1",1284,5050,1,5050,0.0009323650485098498,0
6,"Trabajadores en Actividades Agrícolas, Ganaderas, Forestales, Caza y Pesca",62,"Trabajadores en Actividades Pesqueras, Forestales, Caza y Similares",623,"Trabajadores en Actividades de Caza, Trampería y Similares",6231,"Trabajadores en Actividades de Caza, Trampería y Similares",2025,20251,"2025-Q1",362,12000,1.1466905187835421,6410,0.00026286304327146856,5590
6,"Trabajadores en Actividades Agrícolas, Ganaderas, Forestales, Caza y Pesca",63,"Operadores de Maquinaria Agropecuaria y Forestal",631,"Operadores de Maquinaria Agropecuaria y Forestal",6311,"Operadores de Maquinaria Agropecuaria y Forestal",2025,20251,"2025-Q1",2000,10569.5,1,10569.5,0.0014522820070246882,0
7,"Trabajadores Artesanales",71,"Trabajadores en la Extracción y la Edificación de Construcciones",710,"Supervisores de Trabajadores en la Extracción, Albañiles y en Acabados de la Construcción",7101,"Supervisores de Trabajadores en la Extracción, Albañiles y en Acabados de la Construcción",2025,20251,"2025-Q1",4194,7476.299475441107,1,7476.299475441107,0.0030454353687307707,0
7,"Trabajadores Artesanales",71,"Trabajadores en la Extracción y la Edificación de Construcciones",711,"Trabajadores en la Extracción",7111,"Mineros y Trabajadores en la Extracción en Minas de Minerales Metálicos",2025,20251,"2025-Q1",1852,6975.701943844492,1.1374724860929495,3712.173646179589,0.001344813138504861,3263.528297664903
7,"Trabajadores Artesanales",71,"Trabajadores en la Extracción y la Edificación de Construcciones",711,"Trabajadores en la Extracción",7112,"Trabajadores en la Extracción de Cantera, Arcilla, Arena, Piedra y Grava",2025,20251,"2025-Q1",1738,8535.673187571922,1,8535.673187571922,0.001262033064104454,0
7,"Trabajadores Artesanales",71,"Trabajadores en la Extracción y la Edificación de Construcciones",711,"Trabajadores en la Extracción",7113,"Dinamiteros y Buzos en Perforación de Pozos y en la Construcción",2025,20251,"2025-Q1",978,16125,1,16125,0.0007101659014350724,0
7,"Trabajadores Artesanales",71,"Trabajadores en la Extracción y la Edificación de Construcciones",712,"Albañiles y otros Trabajadores en la Edificación de Construcciones",7121,"Albañiles, Mamposteros y Afines",2025,20251,"2025-Q1",43847,9455.049604305881,1.5170242101729565,5698.609929990559,0.03183910458100575,3756.439674315322
7,"Trabajadores Artesanales",71,"Trabajadores en la Extracción y la Edificación de Construcciones",713,"Yeseros, Instaladores de Pisos, Climas, Impermeabilizante, Vidrio, Etc., Plomeros y Pintores",7131,"Yeseros, Escayolistas y otros Recubridores de Techos y Paredes",2025,20251,"2025-Q1",1304,6093.865030674847,-0.16281420820598652,-1185.122609113264,0.0009468878685800966,7278.987639788111
7,"Trabajadores Artesanales",71,"Trabajadores en la Extracción y la Edificación de Construcciones",713,"Yeseros, Instaladores de Pisos, Climas, Impermeabilizante, Vidrio, Etc., Plomeros y Pintores",7132,"Instaladores de Pisos, Azulejos, Mosaicos y Baldosas",2025,20251,"2025-Q1",2090,11300.35885167464,3.7084828548644335,8900.35885167464,0.001517634697340799,2400
7,"Trabajadores Artesanales",71,"Trabajadores en la Extracción y la Edificación de Construcciones",713,"Yeseros, Instaladores de Pisos, Climas, Impermeabilizante, Vidrio, Etc., Plomeros y Pintores",7133,"Instaladores de Material Aislante, de Impermeabilización, Vidrio y otros Materiales",2025,20251,"2025-Q1",2436,8019.605911330049,-0.30836265714087013,-3575.4966292270365,0.00176887948455607,11595.102540557085
7,"Trabajadores Artesanales",71,"Trabajadores en la Extracción y la Edificación de Construcciones",713,"Yeseros, Instaladores de Pisos, Climas, Impermeabilizante, Vidrio, Etc., Plomeros y Pintores",7134,"Plomeros, Fontaneros e Instaladores de Tubería",2025,20251,"2025-Q1",6006,5450,1,5450,0.0043612028670951385,0
7,"Trabajadores Artesanales",71,"Trabajadores en la Extracción y la Edificación de Construcciones",713,"Yeseros, Instaladores de Pisos, Climas, Impermeabilizante, Vidrio, Etc., Plomeros y Pintores",7135,"Pintores de Brocha Gorda",2025,20251,"2025-Q1",6925,5539.083032490975,1,5539.083032490975,0.005028526449322983,0
7,"Trabajadores Artesanales",72,"Artesanos y Trabajadores en el Tratamiento y Elaboración de Productos de Metal",720,"Supervisores de Artesanos y Trabajadores en el Tratamiento y Elaboración de Productos de Metal",7201,"Supervisores de Artesanos y Trabajadores en el Tratamiento y Elaboración de Productos de Metal",2025,20251,"2025-Q1",1300,10561.846153846154,4.940983389256015,8784.051896257966,0.0009439833045660472,1777.794257588188
7,"Trabajadores Artesanales",72,"Artesanos y Trabajadores en el Tratamiento y Elaboración de Productos de Metal",721,"Moldeadores, Soldadores, Hojalateros y Pintores de Metales",7211,"Moldeadores, Torneros y Troqueladores",2025,20251,"2025-Q1",2129,7112.470643494598,1,7112.470643494598,0.0015459541964777804,0
7,"Trabajadores Artesanales",72,"Artesanos y Trabajadores en el Tratamiento y Elaboración de Productos de Metal",721,"Moldeadores, Soldadores, Hojalateros y Pintores de Metales",7212,"Soldadores y Oxicortadores",2025,20251,"2025-Q1",4211,14734.40512942294,3.2110090342788604,11235.385058584687,0.0030577797657904806,3499.0200708382526
7,"Trabajadores Artesanales",72,"Artesanos y Trabajadores en el Tratamiento y Elaboración de Productos de Metal",721,"Moldeadores, Soldadores, Hojalateros y Pintores de Metales",7213,"Hojalateros, Chaperos, Latoneros, Cobreros y Pintores de Metales",2025,20251,"2025-Q1",3593,4948.920122460339,1,4948.920122460339,0.002609024625619852,0
7,"Trabajadores Artesanales",72,"Artesanos y Trabajadores en el Tratamiento y Elaboración de Productos de Metal",722,"Herreros, Cerrajeros, Joyeros y Artesanos en la Elaboración de Productos de Metal",7221,"Herreros, Balconeros, Aluminadores y Forjadores",2025,20251,"2025-Q1",4714,2752.2189223589307,1,2752.2189223589307,0.00342302869055719,0
7,"Trabajadores Artesanales",72,"Artesanos y Trabajadores en el Tratamiento y Elaboración de Productos de Metal",722,"Herreros, Cerrajeros, Joyeros y Artesanos en la Elaboración de Productos de Metal",7222,"Cerrajeros, Afiladores y Pulidores de Herramientas",2025,20251,"2025-Q1",1910,0,1,0,0.0013869293167085772,0
7,"Trabajadores Artesanales",73,"Artesanos y Trabajadores en la Elaboración de Productos de Madera, Papel, Textiles y de Cuero y Piel",730,"Supervisores de Artesanos y Trabajadores en la Elaboración de Productos de Madera, Papel, Textiles y de Cuero y Piel",7301,"Supervisores de Artesanos y Trabajadores en la Elaboración de Productos de Madera, Papel, Textiles y de Cuero y Piel",2025,20251,"2025-Q1",77,0,1,0,0.00005591285727045049,0
7,"Trabajadores Artesanales",73,"Artesanos y Trabajadores en la Elaboración de Productos de Madera, Papel, Textiles y de Cuero y Piel",731,"Artesanos y Trabajadores en la Elaboración de Productos de Madera",7311,"Carpinteros, Ebanistas y Cepilladores en la Elaboración de Productos de Madera",2025,20251,"2025-Q1",7644,7143.09262166405,1,7143.09262166405,0.0055506218308483575,0
7,"Trabajadores Artesanales",73,"Artesanos y Trabajadores en la Elaboración de Productos de Madera, Papel, Textiles y de Cuero y Piel",731,"Artesanos y Trabajadores en la Elaboración de Productos de Madera",7312,"Pintores y Barnizadores de Madera",2025,20251,"2025-Q1",2645,3759.939508506616,1,3759.939508506616,0.00192064295429015,0
7,"Trabajadores Artesanales",73,"Artesanos y Trabajadores en la Elaboración de Productos de Madera, Papel, Textiles y de Cuero y Piel",731,"Artesanos y Trabajadores en la Elaboración de Productos de Madera",7313,"Artesanos de Productos de Bejuco, Vara, Palma, Carrizo y Mimbre, Excepto Madera",2025,20251,"2025-Q1",874,0,1,0,0.0006346472370697887,0
7,"Trabajadores Artesanales",73,"Artesanos y Trabajadores en la Elaboración de Productos de Madera, Papel, Textiles y de Cuero y Piel",732,"Artesanos y Trabajadores en la Elaboración de Productos de Papel, Cartón y Trabajos de Impresión",7321,"Artesanos y Trabajadores en la Elaboración de Productos de Papel y Cartón",2025,20251,"2025-Q1",641,8600,1,8600,0.00046545638325141254,0
7,"Trabajadores Artesanales",73,"Artesanos y Trabajadores en la Elaboración de Productos de Madera, Papel, Textiles y de Cuero y Piel",732,"Artesanos y Trabajadores en la Elaboración de Productos de Papel, Cartón y Trabajos de Impresión",7322,"Impresores, Linotipistas, Fotograbadores y Encuadernadores",2025,20251,"2025-Q1",805,5507.204968944099,1,5507.204968944099,0.000584543507827437,0
7,"Trabajadores Artesanales",73,"Artesanos y Trabajadores en la Elaboración de Productos de Madera, Papel, Textiles y de Cuero y Piel",734,"Artesanos y Trabajadores en la Elaboración de Productos Textiles",7341,"Sastres y Modistos, Costureras y Confeccionadores de Prendas de Vestir",2025,20251,"2025-Q1",5489,2127.6735288759337,1,2127.6735288759337,0.0039857879682792564,0
7,"Trabajadores Artesanales",73,"Artesanos y Trabajadores en la Elaboración de Productos de Madera, Papel, Textiles y de Cuero y Piel",734,"Artesanos y Trabajadores en la Elaboración de Productos Textiles",7343,"Bordadores y Deshiladores",2025,20251,"2025-Q1",776,3472.139175257732,1,3472.139175257732,0.000563485418725579,0
7,"Trabajadores Artesanales",73,"Artesanos y Trabajadores en la Elaboración de Productos de Madera, Papel, Textiles y de Cuero y Piel",735,"Tapiceros y Trabajadores en el Tratamiento y Elaboración de Productos de Cuero y Piel",7351,"Tapiceros",2025,20251,"2025-Q1",1023,2798.1524926686216,1,2798.1524926686216,0.0007428422465931279,0
7,"Trabajadores Artesanales",74,"Artesanos y Trabajadores en la Elaboración de Productos de Hule, Caucho, Plásticos y de Sustancias Químicas",741,"Artesanos y Trabajadores en la Elaboración de Productos de Hule, Caucho, Plásticos y de Sustancias Químicas",7411,"Trabajadores en la Elaboración y Reparación de Productos de Hule, Caucho, Plásticos y Vulcanización de Neumáticos",2025,20251,"2025-Q1",876,5831.506849315068,1,5831.506849315068,0.0006360995190768133,0
7,"Trabajadores Artesanales",74,"Artesanos y Trabajadores en la Elaboración de Productos de Hule, Caucho, Plásticos y de Sustancias Químicas",741,"Artesanos y Trabajadores en la Elaboración de Productos de Hule, Caucho, Plásticos y de Sustancias Químicas",7412,"Trabajadores en la Elaboración de Sustancias y Compuestos Químicos",2025,20251,"2025-Q1",103,0,1,0,0.00007479252336177144,0
7,"Trabajadores Artesanales",75,"Trabajadores en la Elaboración y Procesamiento de Alimentos, Bebidas y Productos de Tabaco",750,"Supervisores de Trabajadores en la Elaboración y Procesamiento de Alimentos, Bebidas y Productos de Tabaco",7501,"Supervisores de Trabajadores en la Elaboración y Procesamiento de Alimentos, Bebidas y Productos de Tabaco",2025,20251,"2025-Q1",551,8490.018148820327,1,8490.018148820327,0.00040010369293530155,0
7,"Trabajadores Artesanales",75,"Trabajadores en la Elaboración y Procesamiento de Alimentos, Bebidas y Productos de Tabaco",751,"Trabajadores en la Elaboración y Procesamiento de Alimentos, Bebidas y Productos de Tabaco",7511,"Trabajadores en la Elaboración de Productos de Carne, Pescado y sus Derivados",2025,20251,"2025-Q1",8634,12089.23326384063,1,12089.23326384063,0.006269501424325578,0
7,"Trabajadores Artesanales",75,"Trabajadores en la Elaboración y Procesamiento de Alimentos, Bebidas y Productos de Tabaco",751,"Trabajadores en la Elaboración y Procesamiento de Alimentos, Bebidas y Productos de Tabaco",7512,"Trabajadores en la Elaboración de Productos Lácteos",2025,20251,"2025-Q1",581,7722.891566265061,1,7722.891566265061,0.00042188792304067186,0
7,"Trabajadores Artesanales",75,"Trabajadores en la Elaboración y Procesamiento de Alimentos, Bebidas y Productos de Tabaco",751,"Trabajadores en la Elaboración y Procesamiento de Alimentos, Bebidas y Productos de Tabaco",7513,"Trabajadores en la Elaboración de Pan, Tortilla, Repostería, y otros Productos de Cereales y Harinas",2025,20251,"2025-Q1",29019,5897.597436162514,1,5897.597436162514,0.021071885780924712,0
7,"Trabajadores Artesanales",75,"Trabajadores en la Elaboración y Procesamiento de Alimentos, Bebidas y Productos de Tabaco",751,"Trabajadores en la Elaboración y Procesamiento de Alimentos, Bebidas y Productos de Tabaco",7514,"Trabajadores en la Elaboración de Productos a Base de Frutas y Verduras",2025,20251,"2025-Q1",1379,4578.738216098623,1,4578.738216098623,0.0010013484438435225,0
7,"Trabajadores Artesanales",75,"Trabajadores en la Elaboración y Procesamiento de Alimentos, Bebidas y Productos de Tabaco",751,"Trabajadores en la Elaboración y Procesamiento de Alimentos, Bebidas y Productos de Tabaco",7515,"Trabajadores en la Elaboración de Productos a Base de Azúcar, Chocolate, Confitería y Tabaco",2025,20251,"2025-Q1",2096,6490.873091603054,1,6490.873091603054,0.0015219915433618732,0
7,"Trabajadores Artesanales",75,"Trabajadores en la Elaboración y Procesamiento de Alimentos, Bebidas y Productos de Tabaco",751,"Trabajadores en la Elaboración y Procesamiento de Alimentos, Bebidas y Productos de Tabaco",7516,"Trabajadores en la Elaboración de Aceites, Grasas, Sal y Especias",2025,20251,"2025-Q1",117,0,1,0,0.00008495849741094426,0
7,"Trabajadores Artesanales",75,"Trabajadores en la Elaboración y Procesamiento de Alimentos, Bebidas y Productos de Tabaco",751,"Trabajadores en la Elaboración y Procesamiento de Alimentos, Bebidas y Productos de Tabaco",7517,"Trabajadores en la Elaboración de Bebidas Alcohólicas y no Alcohólicas",2025,20251,"2025-Q1",284,0,1,0,0.00020622404499750572,0
7,"Trabajadores Artesanales",76,"Artesanos y Trabajadores en la Elaboración de Productos de Cerámica, Vidrio, Azulejo y Similares",761,"Artesanos y Trabajadores en la Elaboración de Productos de Cerámica, Vidrio, Azulejo y Similares",7612,"Trabajadores en la Elaboración de Productos de Cemento, Cal, Yeso, Azulejo, Piedra y Ladrilleros",2025,20251,"2025-Q1",785,6216.496815286624,1,6216.496815286624,0.00057002068775719,0
7,"Trabajadores Artesanales",76,"Artesanos y Trabajadores en la Elaboración de Productos de Cerámica, Vidrio, Azulejo y Similares",761,"Artesanos y Trabajadores en la Elaboración de Productos de Cerámica, Vidrio, Azulejo y Similares",7613,"Trabajadores del Vidrio y Similares",2025,20251,"2025-Q1",592,9152.027027027027,1,9152.027027027027,0.0004298754740793077,0
7,"Trabajadores Artesanales",79,"Otros Trabajadores Artesanales, no Clasificados Anteriormente",799,"Otros Trabajadores Artesanales, no Clasificados Anteriormente",7999,"Otros Trabajadores Artesanales, no Clasificados Anteriormente",2025,20251,"2025-Q1",900,0,1,0,0.0006535269031611097,0
8,"Operadores de Maquinaria Industrial, Ensambladores, Choferes y Conductores de Transporte",81,"Operadores de Instalaciones y Maquinaria Industrial",810,"Supervisores de Operadores de Maquinaria Industrial",8101,"Supervisores de Operadores de Maquinaria Industrial",2025,20251,"2025-Q1",5391,7104.4054906325355,0.610978821933948,2694.412389603536,0.003914626149935047,4409.993101028999
8,"Operadores de Maquinaria Industrial, Ensambladores, Choferes y Conductores de Transporte",81,"Operadores de Instalaciones y Maquinaria Industrial",811,"Operadores de Máquinas y Equipos para la Extracción en Minas, Canteras y Pozos",8113,"Operadores de Máquinas y Equipos para la Captación, Bombeo y Distribución de Agua",2025,20251,"2025-Q1",499,9815.891783567135,1,9815.891783567135,0.0003623443607526597,0
8,"Operadores de Maquinaria Industrial, Ensambladores, Choferes y Conductores de Transporte",81,"Operadores de Instalaciones y Maquinaria Industrial",811,"Operadores de Máquinas y Equipos para la Extracción en Minas, Canteras y Pozos",8114,"Operadores de Equipos Portátiles Especializados para la Construcción",2025,20251,"2025-Q1",321,12900,1,12900,0.00023309126212746244,0
8,"Operadores de Maquinaria Industrial, Ensambladores, Choferes y Conductores de Transporte",81,"Operadores de Instalaciones y Maquinaria Industrial",812,"Operadores de Máquinas y Equipos en la Fabricación Metalúrgica, Fabricación de Maquinaria y Productos Metálicos",8121,"Operadores de Hornos Metalúrgicos, Coladores y Laminadores y Operadores de Máquinas Trefiladoras y Estiradoras de Metales",2025,20251,"2025-Q1",476,4842.016806722689,1,4842.016806722689,0.00034564311767187574,0
8,"Operadores de Maquinaria Industrial, Ensambladores, Choferes y Conductores de Transporte",81,"Operadores de Instalaciones y Maquinaria Industrial",812,"Operadores de Máquinas y Equipos en la Fabricación Metalúrgica, Fabricación de Maquinaria y Productos Metálicos",8123,"Operadores de Máquinas que Cortan, Perforan, Doblan, Troquelan, Sueldan, Etc., Piezas y Productos Metálicos",2025,20251,"2025-Q1",3535,10649.581329561528,2.8972350225445345,7916.982123212321,0.002566908447416136,2732.5992063492067
8,"Operadores de Maquinaria Industrial, Ensambladores, Choferes y Conductores de Transporte",81,"Operadores de Instalaciones y Maquinaria Industrial",813,"Operadores de Máquinas y Equipos en la Elaboración de Productos Químicos, Plásticos, Tratamiento de Agua y Petroquímica",8131,"Operadores de Máquinas para la Elaboración de Productos Químicos",2025,20251,"2025-Q1",1220,6526.483606557377,1.3592023198420977,3760.089409812862,0.0008858920242850597,2766.3941967445153
8,"Operadores de Maquinaria Industrial, Ensambladores, Choferes y Conductores de Transporte",81,"Operadores de Instalaciones y Maquinaria Industrial",813,"Operadores de Máquinas y Equipos en la Elaboración de Productos Químicos, Plásticos, Tratamiento de Agua y Petroquímica",8133,"Operadores de Máquinas para la Elaboración y Ensamble de Productos de Plástico y Hule",2025,20251,"2025-Q1",6940,7851.031700288185,1,7851.031700288185,0.005039418564375667,0
8,"Operadores de Maquinaria Industrial, Ensambladores, Choferes y Conductores de Transporte",81,"Operadores de Instalaciones y Maquinaria Industrial",813,"Operadores de Máquinas y Equipos en la Elaboración de Productos Químicos, Plásticos, Tratamiento de Agua y Petroquímica",8134,"Operadores de Máquinas para el Tratamiento de Agua",2025,20251,"2025-Q1",785,7572.611464968153,1,7572.611464968153,0.00057002068775719,0
8,"Operadores de Maquinaria Industrial, Ensambladores, Choferes y Conductores de Transporte",81,"Operadores de Instalaciones y Maquinaria Industrial",814,"Operadores de Máquinas para la Madera y Papel",8143,"Operadores de Máquinas en la Elaboración de Celulosa, Papel y Similares",2025,20251,"2025-Q1",870,0,1,0,0.0006317426730557393,0
8,"Operadores de Maquinaria Industrial, Ensambladores, Choferes y Conductores de Transporte",81,"Operadores de Instalaciones y Maquinaria Industrial",814,"Operadores de Máquinas para la Madera y Papel",8144,"Operadores de Máquinas para la Impresión y Encuadernación",2025,20251,"2025-Q1",171,8675.438596491229,1,8675.438596491229,0.00012417011160061083,0
8,"Operadores de Maquinaria Industrial, Ensambladores, Choferes y Conductores de Transporte",81,"Operadores de Instalaciones y Maquinaria Industrial",814,"Operadores de Máquinas para la Madera y Papel",8145,"Operadores de Máquinas para la Elaboración de Productos a Base de Papel y Cartón",2025,20251,"2025-Q1",1257,6392.1877486077965,1,6392.1877486077965,0.0009127592414150164,0
8,"Operadores de Maquinaria Industrial, Ensambladores, Choferes y Conductores de Transporte",81,"Operadores de Instalaciones y Maquinaria Industrial",815,"Operadores de Máquinas y Equipos en la Elaboración de Productos Textiles, Cuero y Piel",8152,"Operadores de Máquinas para Fabricar Tejidos de Punto, Telas y Alfombras",2025,20251,"2025-Q1",754,0,1,0,0.0005475103166483074,0
8,"Operadores de Maquinaria Industrial, Ensambladores, Choferes y Conductores de Transporte",81,"Operadores de Instalaciones y Maquinaria Industrial",815,"Operadores de Máquinas y Equipos en la Elaboración de Productos Textiles, Cuero y Piel",8153,"Operadores de Máquinas de Costura, Bordado y de Corte para la Confección de Productos Textiles y Prendas de Vestir",2025,20251,"2025-Q1",1753,6991.6086708499715,1,6991.6086708499715,0.001272925179157139,0
8,"Operadores de Maquinaria Industrial, Ensambladores, Choferes y Conductores de Transporte",81,"Operadores de Instalaciones y Maquinaria Industrial",816,"Operadores de Máquinas en la Elaboración de Alimentos, Bebidas y Tabaco",8161,"Operadores de Máquinas en la Elaboración de Alimentos, Aceites, Grasas, Sal y Especias",2025,20251,"2025-Q1",7884,10387.118214104516,1,10387.118214104516,0.00572489567169132,0
8,"Operadores de Maquinaria Industrial, Ensambladores, Choferes y Conductores de Transporte",81,"Operadores de Instalaciones y Maquinaria Industrial",816,"Operadores de Máquinas en la Elaboración de Alimentos, Bebidas y Tabaco",8163,"Operadores de Máquinas en la Elaboración de Bebidas Alcohólicas y no Alcohólicas",2025,20251,"2025-Q1",654,6982.568807339449,1,6982.568807339449,0.000474896216297073,0
8,"Operadores de Maquinaria Industrial, Ensambladores, Choferes y Conductores de Transporte",81,"Operadores de Instalaciones y Maquinaria Industrial",817,"Operadores de Máquinas en la Elaboración de Cemento y Productos de Cerámica, Vidrio y Similares",8171,"Operadores de Máquinas en la Elaboración de Cemento, Cal, Yeso y Productos de Cemento",2025,20251,"2025-Q1",377,0,1,0,0.0002737551583241537,0
8,"Operadores de Maquinaria Industrial, Ensambladores, Choferes y Conductores de Transporte",81,"Operadores de Instalaciones y Maquinaria Industrial",817,"Operadores de Máquinas en la Elaboración de Cemento y Productos de Cerámica, Vidrio y Similares",8172,"Operadores de Máquinas en la Elaboración de Productos de Cerámica, Mosaico, Azulejo y Similares",2025,20251,"2025-Q1",2553,10678.754406580494,1,10678.754406580494,0.0018538379819670143,0
8,"Operadores de Maquinaria Industrial, Ensambladores, Choferes y Conductores de Transporte",81,"Operadores de Instalaciones y Maquinaria Industrial",817,"Operadores de Máquinas en la Elaboración de Cemento y Productos de Cerámica, Vidrio y Similares",8173,"Operadores de Máquinas en la Elaboración de Vidrio y Productos de Vidrio y Similares",2025,20251,"2025-Q1",626,8600,1,8600,0.00045456426819872735,0
8,"Operadores de Maquinaria Industrial, Ensambladores, Choferes y Conductores de Transporte",82,"Ensambladores y Montadores de Herramientas, Maquinaria, Productos Metálicos y Electrónicos",820,"Supervisores en Procesos de Ensamblado y Montaje de Maquinaria, Herramientas y Productos Metálicos y Electrónicos",8201,"Supervisores en Procesos de Ensamblado y Montaje de Maquinaria, Herramientas y Productos Metálicos y Electrónicos",2025,20251,"2025-Q1",8796,9257.18053660755,3.1348125152995316,7018.341290002206,0.006387136266894578,2238.8392466053438
8,"Operadores de Maquinaria Industrial, Ensambladores, Choferes y Conductores de Transporte",82,"Ensambladores y Montadores de Herramientas, Maquinaria, Productos Metálicos y Electrónicos",821,"Ensambladores y Montadores de Herramientas, Maquinaria, Productos Metálicos y Electrónicos",8211,"Ensambladores y Montadores de Herramientas, Maquinaria, Equipos y Productos Metálicos",2025,20251,"2025-Q1",24241,6215.294253537395,1,6215.294253537395,0.017602384066142732,0
8,"Operadores de Maquinaria Industrial, Ensambladores, Choferes y Conductores de Transporte",82,"Ensambladores y Montadores de Herramientas, Maquinaria, Productos Metálicos y Electrónicos",821,"Ensambladores y Montadores de Herramientas, Maquinaria, Productos Metálicos y Electrónicos",8212,"Ensambladores y Montadores de Partes Eléctricas y Electrónicas",2025,20251,"2025-Q1",42117,6345.722036232401,1,6345.722036232401,0.030582880644929394,0
8,"Operadores de Maquinaria Industrial, Ensambladores, Choferes y Conductores de Transporte",83,"Conductores de Transporte y de Maquinaria Móvil",830,"Supervisores de Conductores de Transporte y de Maquinaria Móvil",8301,"Supervisores de Conductores de Transporte y de Maquinaria Móvil",2025,20251,"2025-Q1",134,0,-1,-6814.676025917926,0.0000973028944706541,6814.676025917926
8,"Operadores de Maquinaria Industrial, Ensambladores, Choferes y Conductores de Transporte",83,"Conductores de Transporte y de Maquinaria Móvil",831,"Conductores de Transporte Aéreo",8311,"Pilotos de Aviación",2025,20251,"2025-Q1",2043,8372.687224669604,1,8372.687224669604,0.0014835060701757189,0
8,"Operadores de Maquinaria Industrial, Ensambladores, Choferes y Conductores de Transporte",83,"Conductores de Transporte y de Maquinaria Móvil",832,"Conductores de Transporte Marítimo",8321,"Capitanes y Conductores de Transporte Marítimo",2025,20251,"2025-Q1",189,19350,1,19350,0.00013724064966383302,0
8,"Operadores de Maquinaria Industrial, Ensambladores, Choferes y Conductores de Transporte",83,"Conductores de Transporte y de Maquinaria Móvil",832,"Conductores de Transporte Marítimo",8322,"Oficiales y Marineros de Cubierta y Prácticos",2025,20251,"2025-Q1",1194,3428.4757118927973,1,3428.4757118927973,0.0008670123581937388,0
8,"Operadores de Maquinaria Industrial, Ensambladores, Choferes y Conductores de Transporte",83,"Conductores de Transporte y de Maquinaria Móvil",833,"Conductores de Transporte en Vías Férreas",8331,"Conductores de Transporte en Vías Férreas (Tren, Metro y Tren Ligero)",2025,20251,"2025-Q1",611,34000,1,34000,0.0004436721531460422,0
8,"Operadores de Maquinaria Industrial, Ensambladores, Choferes y Conductores de Transporte",83,"Conductores de Transporte y de Maquinaria Móvil",834,"Conductores de Transporte Terrestre con Motor",8341,"Conductores de Camiones, Camionetas y Automóviles de Carga",2025,20251,"2025-Q1",28825,8422.990182133564,1,8422.990182133564,0.020931014426243316,0
8,"Operadores de Maquinaria Industrial, Ensambladores, Choferes y Conductores de Transporte",83,"Conductores de Transporte y de Maquinaria Móvil",834,"Conductores de Transporte Terrestre con Motor",8342,"Conductores de Autobuses, Camiones, Camionetas, Taxis y Automóviles de Pasajeros",2025,20251,"2025-Q1",24581,7160.05044546601,1,7160.05044546601,0.01784927200733693,0
8,"Operadores de Maquinaria Industrial, Ensambladores, Choferes y Conductores de Transporte",83,"Conductores de Transporte y de Maquinaria Móvil",834,"Conductores de Transporte Terrestre con Motor",8343,"Choferes en Casas Particulares",2025,20251,"2025-Q1",698,9962.607449856734,1,9962.607449856734,0.0005068464204516162,0
8,"Operadores de Maquinaria Industrial, Ensambladores, Choferes y Conductores de Transporte",83,"Conductores de Transporte y de Maquinaria Móvil",834,"Conductores de Transporte Terrestre con Motor",8344,"Conductores de Motocicleta",2025,20251,"2025-Q1",3574,7100.212646894236,1,7100.212646894236,0.0025952279465531174,0
8,"Operadores de Maquinaria Industrial, Ensambladores, Choferes y Conductores de Transporte",83,"Conductores de Transporte y de Maquinaria Móvil",835,"Conductores de Maquinaria Móvil",8351,"Conductores de Maquinaria Móvil para la Construcción y Minería",2025,20251,"2025-Q1",6580,11480.702127659575,1,11480.702127659575,0.004778007803111224,0
8,"Operadores de Maquinaria Industrial, Ensambladores, Choferes y Conductores de Transporte",83,"Conductores de Transporte y de Maquinaria Móvil",835,"Conductores de Maquinaria Móvil",8352,"Conductores de Maquinaria Móvil para el Movimiento de Mercancías en Fábricas, Puertos, Comercios, Etcétera",2025,20251,"2025-Q1",5480,11261.2700729927,1,11261.2700729927,0.003979252699247645,0
8,"Operadores de Maquinaria Industrial, Ensambladores, Choferes y Conductores de Transporte",89,"Otros Operadores de Maquinaria Industrial, Ensambladores y Conductores de Transporte, no Clasificados Anteriormente",899,"Otros Operadores de Maquinaria Industrial, Ensambladores y Conductores de Transporte, no Clasificados Anteriormente",8999,"Otros Operadores de Maquinaria Industrial, Ensambladores y Conductores de Transporte, no Clasificados Anteriormente",2025,20251,"2025-Q1",4308,3441.8964716805945,1,3441.8964716805945,0.003128215443131178,0
9,"Trabajadores en Actividades Elementales y de Apoyo",91,"Trabajadores de Apoyo en Actividades Agropecuarias, Forestales, Pesca y Caza",911,"Trabajadores de Apoyo en Actividades Agropecuarias",9111,"Trabajadores de Apoyo en Actividades Agrícolas",2025,20251,"2025-Q1",50303,7097.291930898754,1,7097.291930898754,0.03652707089968144,0
9,"Trabajadores en Actividades Elementales y de Apoyo",91,"Trabajadores de Apoyo en Actividades Agropecuarias, Forestales, Pesca y Caza",911,"Trabajadores de Apoyo en Actividades Agropecuarias",9112,"Trabajadores de Apoyo en Actividades Ganaderas",2025,20251,"2025-Q1",5224,7104.383614088821,1,7104.383614088821,0.0037933606023484853,0
9,"Trabajadores en Actividades Elementales y de Apoyo",91,"Trabajadores de Apoyo en Actividades Agropecuarias, Forestales, Pesca y Caza",912,"Trabajadores de Apoyo en Actividades Forestales, Pesca y Caza",9122,"Trabajadores de Apoyo en Actividades de Acuicultura y Pesca",2025,20251,"2025-Q1",1554,8363.693693693695,1,8363.693693693695,0.0011284231194581826,0
9,"Trabajadores en Actividades Elementales y de Apoyo",91,"Trabajadores de Apoyo en Actividades Agropecuarias, Forestales, Pesca y Caza",912,"Trabajadores de Apoyo en Actividades Forestales, Pesca y Caza",9124,"Recolectores de Leña y Acarreadores de Agua",2025,20251,"2025-Q1",150,0,1,0,0.0001089211505268516,0
9,"Trabajadores en Actividades Elementales y de Apoyo",92,"Trabajadores de Apoyo en la Minería, Construcción e Industria",921,"Trabajadores de Apoyo en la Minería y Extracción",9211,"Trabajadores de Apoyo en la Minería",2025,20251,"2025-Q1",494,16340,1,16340,0.00035871365573509793,0
9,"Trabajadores en Actividades Elementales y de Apoyo",92,"Trabajadores de Apoyo en la Minería, Construcción e Industria",921,"Trabajadores de Apoyo en la Minería y Extracción",9212,"Trabajadores de Apoyo en la Extracción",2025,20251,"2025-Q1",365,0,1,0,0.00026504146628200556,0
9,"Trabajadores en Actividades Elementales y de Apoyo",92,"Trabajadores de Apoyo en la Minería, Construcción e Industria",922,"Trabajadores de Apoyo en la Construcción y la Plomería",9221,"Trabajadores de Apoyo en la Construcción",2025,20251,"2025-Q1",16594,6762.253826684344,1,6762.253826684344,0.012049583812283837,0
9,"Trabajadores en Actividades Elementales y de Apoyo",92,"Trabajadores de Apoyo en la Minería, Construcción e Industria",923,"Trabajadores de Apoyo en la Industria",9231,"Trabajadores de Apoyo en la Elaboración, Reparación y Mantenimiento Mecánico de Equipos, Maquinaria y Productos de Metal y de Precisión",2025,20251,"2025-Q1",9932,9175.138944824808,1,9175.138944824808,0.007212032446884601,0
9,"Trabajadores en Actividades Elementales y de Apoyo",92,"Trabajadores de Apoyo en la Minería, Construcción e Industria",923,"Trabajadores de Apoyo en la Industria",9232,"Trabajadores de Apoyo en la Industria Eléctrica, Electrónica y Comunicaciones",2025,20251,"2025-Q1",3570,3667.0448179271707,1,3667.0448179271707,0.0025923233825390682,0
9,"Trabajadores en Actividades Elementales y de Apoyo",92,"Trabajadores de Apoyo en la Minería, Construcción e Industria",923,"Trabajadores de Apoyo en la Industria",9233,"Trabajadores de Apoyo en la Industria Química, Petroquímica y Plásticos",2025,20251,"2025-Q1",2439,10175.079950799509,1,10175.079950799509,0.001771057907566607,0
9,"Trabajadores en Actividades Elementales y de Apoyo",92,"Trabajadores de Apoyo en la Minería, Construcción e Industria",923,"Trabajadores de Apoyo en la Industria",9234,"Trabajadores de Apoyo en la Industria de la Madera, Papel y Cartón",2025,20251,"2025-Q1",3036,6054.983530961792,1,6054.983530961792,0.0022045640866634763,0
9,"Trabajadores en Actividades Elementales y de Apoyo",92,"Trabajadores de Apoyo en la Minería, Construcción e Industria",923,"Trabajadores de Apoyo en la Industria",9235,"Trabajadores de Apoyo en la Industria Textil y del Zapato",2025,20251,"2025-Q1",780,667.0512820512821,1,667.0512820512821,0.0005663899827396283,0
9,"Trabajadores en Actividades Elementales y de Apoyo",92,"Trabajadores de Apoyo en la Minería, Construcción e Industria",923,"Trabajadores de Apoyo en la Industria",9236,"Trabajadores de Apoyo en la Industria de Alimentos, Bebidas y Productos de Tabaco",2025,20251,"2025-Q1",11790,4474.954198473282,1,4474.954198473282,0.008561202431410536,0
9,"Trabajadores en Actividades Elementales y de Apoyo",92,"Trabajadores de Apoyo en la Minería, Construcción e Industria",923,"Trabajadores de Apoyo en la Industria",9237,"Trabajadores de Apoyo en la Industria de la Cerámica, Vidrio y Similares",2025,20251,"2025-Q1",709,2775.289139633286,1,2775.289139633286,0.0005148339714902519,0
9,"Trabajadores en Actividades Elementales y de Apoyo",92,"Trabajadores de Apoyo en la Minería, Construcción e Industria",923,"Trabajadores de Apoyo en la Industria",9239,"Trabajadores de Apoyo en la Industria, no Clasificados Anteriormente",2025,20251,"2025-Q1",313,9410.543130990416,1,9410.543130990416,0.00022728213409936368,0
9,"Trabajadores en Actividades Elementales y de Apoyo",93,"Ayudantes de Conductores de Transporte, Conductores de Transporte de Tracción Humana y Animal y Cargadores",931,"Ayudantes de Conductores de Transporte",9311,"Ayudantes de Conductores de Transporte Terrestre con Motor",2025,20251,"2025-Q1",1636,6892.114914425428,1,6892.114914425428,0.0011879666817461948,0
9,"Trabajadores en Actividades Elementales y de Apoyo",93,"Ayudantes de Conductores de Transporte, Conductores de Transporte de Tracción Humana y Animal y Cargadores",931,"Ayudantes de Conductores de Transporte",9312,"Ayudantes de Conductores de Transporte en Vías Férreas",2025,20251,"2025-Q1",149,0,1,0,0.00010819500952333926,0
9,"Trabajadores en Actividades Elementales y de Apoyo",93,"Ayudantes de Conductores de Transporte, Conductores de Transporte de Tracción Humana y Animal y Cargadores",933,"Cargadores",9331,"Cargadores",2025,20251,"2025-Q1",6134,6780.2111183567,1,6780.2111183567,0.004454148915544718,0
9,"Trabajadores en Actividades Elementales y de Apoyo",94,"Ayudantes en la Preparación de Alimentos",941,"Ayudantes en la Preparación de Alimentos",9411,"Ayudantes en la Preparación de Alimentos",2025,20251,"2025-Q1",9527,6074.15450823974,1,6074.15450823974,0.006917945340462101,0
9,"Trabajadores en Actividades Elementales y de Apoyo",95,"Vendedores Ambulantes",951,"Vendedores Ambulantes (Excluyendo los de Venta de Alimentos)",9511,"Vendedores Ambulantes de Periódicos y Lotería",2025,20251,"2025-Q1",502,3827.2410358565735,1,3827.2410358565735,0.0003645227837631967,0
9,"Trabajadores en Actividades Elementales y de Apoyo",95,"Vendedores Ambulantes",951,"Vendedores Ambulantes (Excluyendo los de Venta de Alimentos)",9512,"Vendedores Ambulantes de Artículos Diversos (Excluyendo los de Venta de Alimentos)",2025,20251,"2025-Q1",6618,1329.0495618011485,1,1329.0495618011485,0.004805601161244693,0
9,"Trabajadores en Actividades Elementales y de Apoyo",95,"Vendedores Ambulantes",952,"Vendedores Ambulantes de Alimentos",9521,"Preparadores y Vendedores Ambulantes de Alimentos",2025,20251,"2025-Q1",14349,3592.5047041605685,1,3592.5047041605685,0.010419397259398624,0
9,"Trabajadores en Actividades Elementales y de Apoyo",96,"Trabajadores Domésticos, de Limpieza, Planchadores y otros Trabajadores de Limpieza",960,"Supervisores en Limpieza, Amas de Llaves, Mayordomos y en Estacionamientos",9601,"Supervisores en Limpieza, Amas de Llaves, Mayordomos y en Estacionamientos",2025,20251,"2025-Q1",742,3285.8490566037735,1,3285.8490566037735,0.0005387966246061592,0
9,"Trabajadores en Actividades Elementales y de Apoyo",96,"Trabajadores Domésticos, de Limpieza, Planchadores y otros Trabajadores de Limpieza",961,"Trabajadores Domésticos",9611,"Trabajadores Domésticos",2025,20251,"2025-Q1",37643,3760.1813351751985,1,3760.1813351751985,0.027334125795215165,0
9,"Trabajadores en Actividades Elementales y de Apoyo",96,"Trabajadores Domésticos, de Limpieza, Planchadores y otros Trabajadores de Limpieza",962,"Trabajadores de Limpieza, Recamaristas, Mozos de Limpieza y Limpiadores de Calzado",9621,"Barrenderos y Trabajadores de Limpieza (Excepto en Hoteles y Restaurantes)",2025,20251,"2025-Q1",33089,6176.524313215872,1,6176.524313215872,0.02402727966521995,0
9,"Trabajadores en Actividades Elementales y de Apoyo",96,"Trabajadores Domésticos, de Limpieza, Planchadores y otros Trabajadores de Limpieza",962,"Trabajadores de Limpieza, Recamaristas, Mozos de Limpieza y Limpiadores de Calzado",9623,"Mozos de Hotel y Restaurante",2025,20251,"2025-Q1",2393,5764.417049728375,1,5764.417049728375,0.0017376554214050392,0
9,"Trabajadores en Actividades Elementales y de Apoyo",96,"Trabajadores Domésticos, de Limpieza, Planchadores y otros Trabajadores de Limpieza",963,"Lavadores y Cuidadores de Vehículos",9631,"Lavadores de Vehículos en Establecimientos",2025,20251,"2025-Q1",1919,4761.3705054716,1,4761.3705054716,0.0013934645857401882,0
9,"Trabajadores en Actividades Elementales y de Apoyo",96,"Trabajadores Domésticos, de Limpieza, Planchadores y otros Trabajadores de Limpieza",963,"Lavadores y Cuidadores de Vehículos",9632,"Lavadores de Vehículos en Vía Pública",2025,20251,"2025-Q1",1214,1723.5420098846787,1,1723.5420098846787,0.0008815351782639856,0
9,"Trabajadores en Actividades Elementales y de Apoyo",96,"Trabajadores Domésticos, de Limpieza, Planchadores y otros Trabajadores de Limpieza",963,"Lavadores y Cuidadores de Vehículos",9633,"Cuidadores y Acomodadores de Autos en Estacionamientos",2025,20251,"2025-Q1",816,20640,1,20640,0.0005925310588660727,0
9,"Trabajadores en Actividades Elementales y de Apoyo",96,"Trabajadores Domésticos, de Limpieza, Planchadores y otros Trabajadores de Limpieza",964,"Lavanderos y Planchadores",9641,"Lavanderos en Establecimientos",2025,20251,"2025-Q1",767,5866.857887874837,1,5866.857887874837,0.0005569501496939679,0
9,"Trabajadores en Actividades Elementales y de Apoyo",96,"Trabajadores Domésticos, de Limpieza, Planchadores y otros Trabajadores de Limpieza",966,"Recolectores de Desechos, Material Reciclable y otros Materiales",9661,"Recolectores de Basura y Material Reciclable",2025,20251,"2025-Q1",1649,3772.459066100667,1,3772.459066100667,0.0011974065147918552,0
9,"Trabajadores en Actividades Elementales y de Apoyo",96,"Trabajadores Domésticos, de Limpieza, Planchadores y otros Trabajadores de Limpieza",966,"Recolectores de Desechos, Material Reciclable y otros Materiales",9662,"Clasificadores de Desechos",2025,20251,"2025-Q1",1285,8845.618677042801,1,8845.618677042801,0.0009330911895133621,0
9,"Trabajadores en Actividades Elementales y de Apoyo",97,"Trabajadores de Paquetería, de Apoyo para Espectáculos y Repartidores de Mercancías",971,"Trabajadores de Paquetería, Empacado y de Apoyo para Espectáculos",9711,"Trabajadores de Paquetería, Maleteros y Botones de Hotel",2025,20251,"2025-Q1",2179,7635.0390087195965,1,7635.0390087195965,0.0015822612466533977,0
9,"Trabajadores en Actividades Elementales y de Apoyo",97,"Trabajadores de Paquetería, de Apoyo para Espectáculos y Repartidores de Mercancías",971,"Trabajadores de Paquetería, Empacado y de Apoyo para Espectáculos",9712,"Empacadores de Objetos y Mercancías",2025,20251,"2025-Q1",8229,5164.70288005833,1,5164.70288005833,0.005975414317903079,0
9,"Trabajadores en Actividades Elementales y de Apoyo",97,"Trabajadores de Paquetería, de Apoyo para Espectáculos y Repartidores de Mercancías",971,"Trabajadores de Paquetería, Empacado y de Apoyo para Espectáculos",9713,"Trabajadores de Apoyo a la Realización de Espectáculos, Deportes y en Parques de Diversiones",2025,20251,"2025-Q1",304,2483.815789473684,1,2483.815789473684,0.00022074686506775258,0
9,"Trabajadores en Actividades Elementales y de Apoyo",97,"Trabajadores de Paquetería, de Apoyo para Espectáculos y Repartidores de Mercancías",972,"Trabajadores Repartidores de Mensajería y Mercancías (A Pie y en Bicicleta)",9721,"Carteros (A Pie y en Bicicleta)",2025,20251,"2025-Q1",264,14000,1,14000,0.00019170122492725882,0
9,"Trabajadores en Actividades Elementales y de Apoyo",97,"Trabajadores de Paquetería, de Apoyo para Espectáculos y Repartidores de Mercancías",972,"Trabajadores Repartidores de Mensajería y Mercancías (A Pie y en Bicicleta)",9722,"Repartidores de Mensajería (A Pie y en Bicicleta) y Mandaderos",2025,20251,"2025-Q1",676,2353.550295857988,1,2353.550295857988,0.0004908713183743446,0
9,"Trabajadores en Actividades Elementales y de Apoyo",97,"Trabajadores de Paquetería, de Apoyo para Espectáculos y Repartidores de Mercancías",972,"Trabajadores Repartidores de Mensajería y Mercancías (A Pie y en Bicicleta)",9723,"Repartidores de Mercancías (A Pie y en Bicicleta)",2025,20251,"2025-Q1",142,7525,1,7525,0.00010311202249875286,0
9,"Trabajadores en Actividades Elementales y de Apoyo",97,"Trabajadores de Paquetería, de Apoyo para Espectáculos y Repartidores de Mercancías",973,"Lecturistas de Medidores, Recolectores de Dinero y Elevadoristas",9731,"Lecturistas de Medidores",2025,20251,"2025-Q1",321,16000,1,16000,0.00023309126212746244,0
9,"Trabajadores en Actividades Elementales y de Apoyo",99,"Ocupaciones no Especificadas",999,"Ocupaciones no Especificadas",9999,"Ocupaciones no Especificadas",2025,20251,"2025-Q1",11580,6221.661485319516,1,6221.661485319516,0.008408712820672943,0